Width,Precaution,TLHarm,TNLHarm,File,Answer,Bargain,Trial,Total
0.000005705,3E-05,0,0,0.1,0.1,0.2,0,0.40003
0.000034897,3E-05,0,1,0.1,0.1,0.2,0,1.40003
0.000003268,3E-05,1,0,0.1,0.1,0.2,0,1.40003
0.608075646,3E-05,0,0,0,0,0,0,3E-05
0.000000499,3E-05,0,1,0,0,0,0,1.00003
0.000001502,3E-05,1,0,0,0,0,0,1.00003
0.000003919,4E-05,0,0,0.1,0.1,0.2,0,0.40004
0.000016574,4E-05,0,1,0.1,0.1,0.2,0,1.40004
0.391857991,4E-05,0,0,0,0,0,0,4E-05
