Width,Precaution,TLHarm,TNLHarm,File,Answer,Bargain,Trial,Total
0.176185632,3E-05,0,0,0,0,0,0,3E-05
0.000012560,3E-05,0,1,0,0,0,0,1.00003
0.000000071,3E-05,1,0,0,0,0,0,1.00003
0.823760363,4E-05,0,0,0,0,0,0,4E-05
0.000041375,4E-05,0,1,0,0,0,0,1.00004
