Width,Precaution,TLHarm,TNLHarm,File,Answer,Bargain,Trial,Total
0.391851350,2.4E-05,0,0,0,0,0,0,2.4E-05
0.000022526,2.4E-05,0,1,0,0,0,0,1.000024
0.000004608,2.4E-05,1,0,0,0,0,0,1.000024
0.608093457,3.2E-05,0,0,0,0,0,0,3.2E-05
0.000019497,3.2E-05,0,1,0,0,0,0,1.000032
0.000008563,3.2E-05,1,0,0,0,0,0,1.000032
