Width,Precaution,TLHarm,TNLHarm,File,Answer,Bargain,Trial,Total
0.176185632,3E-05,0,0,0,0,0,0,3E-05
0.000011836,3E-05,0,1,0,0,0,0,1.00003
0.000000795,3E-05,1,0,0,0,0,0,1.00003
0.823760363,4E-05,0,0,0,0,0,0,4E-05
0.000032735,4E-05,0,1,0,0,0,0,1.00004
0.000008640,4E-05,1,0,0,0,0,0,1.00004
