Width,Precaution,TLHarm,TNLHarm,File,Answer,Bargain,Trial,Total
0.000001136,2.4E-05,0,0,0.1,0.1,0.2,0,0.400024
0.000008858,2.4E-05,0,1,0.1,0.1,0.2,0,1.400024
0.000000068,2.4E-05,1,0,0.1,0.1,0.2,0,1.400024
0.176183252,2.4E-05,0,0,0,0,0,0,2.4E-05
0.000004942,2.4E-05,0,1,0,0,0,0,1.000024
0.823753948,3.6E-05,0,0,0,0,0,0,3.6E-05
0.000037080,3.6E-05,0,1,0,0,0,0,1.000036
0.000010716,3.6E-05,1,0,0,0,0,0,1.000036
