Width,Precaution,TLHarm,TNLHarm,File,Answer,Bargain,Trial,Total
0.000001581,3E-05,0,0,0.1,0.1,0.2,0,0.40003
0.000002823,3E-05,0,1,0.1,0.1,0.2,0,1.40003
0.000005713,3E-05,1,0,0.1,0.1,0.2,0,1.40003
0.000000068,3E-05,0,1,0.1,0.1,0.2,0.2,1.60003
0.000000021,3E-05,1,0,0.1,0.1,0.2,0.2,1.60003
0.721021518,3E-05,0,0,0,0,0,0,3E-05
0.000034345,3E-05,0,1,0,0,0,0,1.00003
0.000003241,3E-05,1,0,0,0,0,0,1.00003
0.278919157,4E-05,0,0,0,0,0,0,4E-05
0.000011534,4E-05,0,1,0,0,0,0,1.00004
