Width,Precaution,TLHarm,TNLHarm,File,Answer,Bargain,Trial,Total
0.607894286,3E-05,0,0,0,0,0,0,3E-05
0.000033514,3E-05,0,1,0,0,0,0,1.00003
0.000006156,3E-05,1,0,0,0,0,0,1.00003
0.392048850,4E-05,0,0,0,0,0,0,4E-05
0.000017194,4E-05,0,1,0,0,0,0,1.00004
