Width,Precaution,TLHarm,TNLHarm,File,Answer,Bargain,Trial,Total
0.262888549,3E-05,0,0,0,0,0,0,3E-05
0.000017360,3E-05,0,1,0,0,0,0,1.00003
0.000000898,3E-05,1,0,0,0,0,0,1.00003
0.737056918,4E-05,0,0,0,0,0,0,4E-05
0.000036275,4E-05,0,1,0,0,0,0,1.00004
