Width,Precaution,TLHarm,TNLHarm,File,Answer,Bargain,Trial,Total
0.000002894,3E-05,0,0,0.1,0.1,0.2,0,0.40003
0.000020274,3E-05,0,1,0.1,0.1,0.2,0,1.40003
0.000000177,3E-05,1,0,0.1,0.1,0.2,0,1.40003
0.000000305,3E-05,0,0,0.1,0.1,0.2,0.2,0.60003
0.000001403,3E-05,0,1,0.1,0.1,0.2,0.2,1.60003
0.000000445,3E-05,1,0,0.1,0.1,0.2,0.2,1.60003
0.319959506,3E-05,0,0,0,0,0,0,3E-05
0.000006800,4E-05,0,0,0.1,0.1,0.2,0,0.40004
0.000032498,4E-05,0,1,0.1,0.1,0.2,0,1.40004
0.679975698,4E-05,0,0,0,0,0,0,4E-05
