Width,Precaution,TLHarm,TNLHarm,File,Answer,Bargain,Trial,Total
0.666624091,3E-05,0,0,0,0,0,0,3E-05
0.000033728,3E-05,0,1,0,0,0,0,1.00003
0.000008847,3E-05,1,0,0,0,0,0,1.00003
0.333318456,4E-05,0,0,0,0,0,0,4E-05
0.000014878,4E-05,0,1,0,0,0,0,1.00004
