Width,Precaution,TLHarm,TNLHarm,File,Answer,Bargain,Trial,Total
0.000001991,3E-05,0,0,0.025,0.025,0.05,0,0.10003
0.000014073,3E-05,0,1,0.025,0.025,0.05,0,1.10003
0.000000118,3E-05,1,0,0.025,0.025,0.05,0,1.10003
0.000000091,3E-05,0,1,0.025,0.025,0.05,0.05,1.15003
0.000000050,3E-05,1,0,0.025,0.025,0.05,0.05,1.15003
0.201477652,3E-05,0,0,0,0,0,0,3E-05
0.000007985,4E-05,0,0,0.025,0.025,0.05,0,0.10004
0.000039813,4E-05,0,1,0.025,0.025,0.05,0,1.10004
0.798458228,4E-05,0,0,0,0,0,0,4E-05
