Width,Precaution,TLHarm,TNLHarm,File,Answer,Bargain,Trial,Total
0.000002796,3E-05,0,0,0.025,0.025,0.05,0,0.10003
0.000019298,3E-05,0,1,0.025,0.025,0.05,0,1.10003
0.000000343,3E-05,1,0,0.025,0.025,0.05,0,1.10003
0.000000166,3E-05,0,1,0.025,0.025,0.05,0.05,1.15003
0.000000146,3E-05,1,0,0.025,0.025,0.05,0.05,1.15003
0.285073683,3E-05,0,0,0,0,0,0,3E-05
0.000007149,4E-05,0,0,0.025,0.025,0.05,0,0.10004
0.000034652,4E-05,0,1,0.025,0.025,0.05,0,1.10004
0.714861768,4E-05,0,0,0,0,0,0,4E-05
