Width,Precaution,TLHarm,TNLHarm,File,Answer,Bargain,Trial,Total
0.536013431,4E-05,0,0,0,0,0,0,4E-05
0.000027089,4E-05,0,1,0,0,0,0,1.00004
0.463930293,3E-05,0,0,0,0,0,0,3E-05
0.000021930,3E-05,0,1,0,0,0,0,1.00003
0.000007257,3E-05,1,0,0,0,0,0,1.00003
