Width,Precaution,TLHarm,TNLHarm,File,Answer,Bargain,Trial,Total
0.882482572,3.6E-05,0,0,0,0,0,0,3.6E-05
0.000041289,3.6E-05,0,1,0,0,0,0,1.000036
0.000010717,3.6E-05,1,0,0,0,0,0,1.000036
0.117456109,2.4E-05,0,0,0,0,0,0,2.4E-05
0.000008780,2.4E-05,0,1,0,0,0,0,1.000024
0.000000014,2.4E-05,1,0,0,0,0,0,1.000024
0.000000062,2.4E-05,0,0,0.1,0.1,0.2,0.2,0.600024
0.000000420,2.4E-05,0,1,0.1,0.1,0.2,0.2,1.600024
0.000000037,2.4E-05,1,0,0.1,0.1,0.2,0.2,1.600024
