Width,Precaution,TLHarm,TNLHarm,File,Answer,Bargain,Trial,Total
0.463927625,3E-05,0,0,0,0,0,0,3E-05
0.000028143,3E-05,0,1,0,0,0,0,1.00003
0.000001146,3E-05,1,0,0,0,0,0,1.00003
0.000000369,3E-05,0,0,0.1,0.1,0.2,0,0.40003
0.000001078,3E-05,0,1,0.1,0.1,0.2,0,1.40003
0.000001022,3E-05,1,0,0.1,0.1,0.2,0,1.40003
0.000000068,3E-05,0,1,0.1,0.1,0.2,0.2,1.60003
0.000000021,3E-05,1,0,0.1,0.1,0.2,0.2,1.60003
0.536016297,4E-05,0,0,0,0,0,0,4E-05
0.000024231,4E-05,0,1,0,0,0,0,1.00004
