Width,Precaution,TLHarm,TNLHarm,File,Answer,Bargain,Trial,Total
0.882489259,4E-05,0,0,0,0,0,0,4E-05
0.000036678,4E-05,0,1,0,0,0,0,1.00004
0.000008641,4E-05,1,0,0,0,0,0,1.00004
0.117456751,3E-05,0,0,0,0,0,0,3E-05
0.000006592,3E-05,0,1,0,0,0,0,1.00003
0.000000137,3E-05,1,0,0,0,0,0,1.00003
0.000000251,3E-05,0,0,0.1,0.1,0.2,0.2,0.60003
0.000001298,3E-05,0,1,0.1,0.1,0.2,0.2,1.60003
0.000000393,3E-05,1,0,0.1,0.1,0.2,0.2,1.60003
