Width,Precaution,TLHarm,TNLHarm,File,Answer,Bargain,Trial,Total
0.000000384,0,0,0,0.1,0.1,0.2,0,0.4
0.000000682,0,0,1,0.1,0.1,0.2,0,1.4
0.000003154,0,1,0,0.1,0.1,0.2,0,1.4
0.000000887,0,0,0,0.1,0.1,0.2,0.2,0.6
0.000007775,0,0,1,0.1,0.1,0.2,0.2,1.6
0.000001092,0,1,0,0.1,0.1,0.2,0.2,1.6
0.752313023,0,0,0,0,0,0,0,0
0.000053707,0,0,1,0,0,0,0,1
0.000008829,0,1,0,0,0,0,0,1
0.247591960,2E-05,0,0,0,0,0,0,2E-05
0.000008625,2E-05,0,1,0,0,0,0,1.00002
0.000009883,2E-05,1,0,0,0,0,0,1.00002
