Width,Precaution,TLHarm,TNLHarm,File,Answer,Bargain,Trial,Total
0.000000061,0,0,0,0.4,0.4,0.8,0,1.6
0.000000326,0,0,1,0.4,0.4,0.8,0,2.6
0.000000281,0,1,0,0.4,0.4,0.8,0,2.6
0.000000174,0,0,0,0.4,0.4,0.8,0.8,2.4
0.000000934,0,0,1,0.4,0.4,0.8,0.8,3.4
0.000000804,0,1,0,0.4,0.4,0.8,0.8,3.4
0.000000793,0,0,0,0.4,0,0,0,0.4
0.000000012,0,0,1,0.4,0,0,0,1.4
0.000007916,0,1,0,0.4,0,0,0,1.4
0.999898973,0,0,0,0,0,0,0,0
0.000036011,0,0,1,0,0,0,0,1
0.000053716,0,1,0,0,0,0,0,1
