Width,Precaution,TLHarm,TNLHarm,File,Answer,Bargain,Trial,Total
0.000000591,0,0,0,0.4,0.4,0.8,0,1.6
0.000003367,0,0,1,0.4,0.4,0.8,0,2.6
0.000002545,0,1,0,0.4,0.4,0.8,0,2.6
0.000001646,0,0,0,0.4,0,0,0,0.4
0.000000032,0,0,1,0.4,0,0,0,1.4
0.000016432,0,1,0,0.4,0,0,0,1.4
0.999897763,0,0,0,0,0,0,0,0
0.000033885,0,0,1,0,0,0,0,1
0.000043739,0,1,0,0,0,0,0,1
