Width,Precaution,TLHarm,TNLHarm,File,Answer,Bargain,Trial,Total
0.999910208,1E-05,0,0,0,0,0,0,1E-05
0.000045788,1E-05,0,1,0,0,0,0,1.00001
0.000044004,1E-05,1,0,0,0,0,0,1.00001
