Width,Precaution,TLHarm,TNLHarm,File,Answer,Bargain,Trial,Total
0.700795447,0,0,0,0,0,0,0,0
0.000060554,0,0,1,0,0,0,0,1
0.000009532,0,1,0,0,0,0,0,1
0.299111954,2.4E-05,0,0,0,0,0,0,2.4E-05
0.000012877,2.4E-05,0,1,0,0,0,0,1.000024
0.000009636,2.4E-05,1,0,0,0,0,0,1.000024
