Width,Precaution,TLHarm,TNLHarm,File,Answer,Bargain,Trial,Total
0.000000224,0,0,0,0.1,0.1,0.2,0,0.4
0.000000356,0,0,1,0.1,0.1,0.2,0,1.4
0.000001882,0,1,0,0.1,0.1,0.2,0,1.4
0.000000367,0,0,0,0.1,0.1,0.2,0.2,0.6
0.000003011,0,0,1,0.1,0.1,0.2,0.2,1.6
0.000000663,0,1,0,0.1,0.1,0.2,0.2,1.6
0.499949409,0,0,0,0,0,0,0,0
0.000033642,0,0,1,0,0,0,0,1
0.000010446,0,1,0,0,0,0,0,1
0.499966809,3E-05,0,0,0,0,0,0,3E-05
0.000016727,3E-05,0,1,0,0,0,0,1.00003
0.000016464,3E-05,1,0,0,0,0,0,1.00003
