Width,Precaution,TLHarm,TNLHarm,File,Answer,Bargain,Trial,Total
0.000000705,0,0,0,0.4,0.4,0.8,0.8,2.4
0.000005909,0,0,1,0.4,0.4,0.8,0.8,3.4
0.000001141,0,1,0,0.4,0.4,0.8,0.8,3.4
0.000000386,0,0,0,0.4,0,0,0,0.4
0.000000669,0,0,1,0.4,0,0,0,1.4
0.000003196,0,1,0,0.4,0,0,0,1.4
0.499948909,0,0,0,0,0,0,0,0
0.000030431,0,0,1,0,0,0,0,1
0.000008655,0,1,0,0,0,0,0,1
0.499971251,4E-05,0,0,0,0,0,0,4E-05
0.000028749,4E-05,0,1,0,0,0,0,1.00004
