Width,Precaution,TLHarm,TNLHarm,File,Answer,Bargain,Trial,Total
0.999910208,8E-06,0,0,0,0,0,0,8E-06
0.000023142,8E-06,0,1,0,0,0,0,1.000008
0.000066650,8E-06,1,0,0,0,0,0,1.000008
