Width,Precaution,TLHarm,TNLHarm,File,Answer,Bargain,Trial,Total
0.000006251,0,0,0,0.025,0.025,0.05,0,0.1
0.000059041,0,0,1,0.025,0.025,0.05,0,1.1
0.000003478,0,1,0,0.025,0.025,0.05,0,1.1
0.625119803,0,0,0,0,0,0,0,0
0.000003748,2E-05,0,0,0.025,0.025,0.05,0,0.10002
0.000018180,2E-05,0,1,0.025,0.025,0.05,0,1.10002
0.000010142,2E-05,1,0,0.025,0.025,0.05,0,1.10002
0.374779357,2E-05,0,0,0,0,0,0,2E-05
