Width,Precaution,TLHarm,TNLHarm,File,Answer,Bargain,Trial,Total
0.000001290,0,0,0,0.1,0.1,0.2,0,0.4
0.000002595,0,0,1,0.1,0.1,0.2,0,1.4
0.000010310,0,1,0,0.1,0.1,0.2,0,1.4
0.000000150,0,0,0,0.1,0.1,0.2,0.2,0.6
0.000000804,0,0,1,0.1,0.1,0.2,0.2,1.6
0.000000692,0,1,0,0.1,0.1,0.2,0.2,1.6
0.798188005,0,0,0,0,0,0,0,0
0.000033885,0,0,1,0,0,0,0,1
0.000031543,0,1,0,0,0,0,0,1
0.201719871,4E-05,0,0,0,0,0,0,4E-05
0.000010858,4E-05,0,1,0,0,0,0,1.00004
