Width,Precaution,TLHarm,TNLHarm,File,Answer,Bargain,Trial,Total
0.000000347,0,0,0,0.1,0.1,0.2,0,0.4
0.000000613,0,0,1,0.1,0.1,0.2,0,1.4
0.000002855,0,1,0,0.1,0.1,0.2,0,1.4
0.000000793,0,0,0,0.1,0.1,0.2,0.2,0.6
0.000006939,0,0,1,0.1,0.1,0.2,0.2,1.6
0.000000987,0,1,0,0.1,0.1,0.2,0.2,1.6
0.752313154,0,0,0,0,0,0,0,0
0.000054612,0,0,1,0,0,0,0,1
0.000009232,0,1,0,0,0,0,0,1
0.247591960,2.4E-05,0,0,0,0,0,0,2.4E-05
0.000008625,2.4E-05,0,1,0,0,0,0,1.000024
0.000009883,2.4E-05,1,0,0,0,0,0,1.000024
