Width,Precaution,TLHarm,TNLHarm,File,Answer,Bargain,Trial,Total
0.000000041,0,0,0,0.4,0.4,0.8,0,1.6
0.000000322,0,0,1,0.4,0.4,0.8,0,2.6
0.000000087,0,1,0,0.4,0.4,0.8,0,2.6
0.000000567,0,0,0,0.4,0,0,0,0.4
0.000001653,0,0,1,0.4,0,0,0,1.4
0.000004013,0,1,0,0.4,0,0,0,1.4
0.634812017,0,0,0,0,0,0,0,0
0.000052590,0,0,1,0,0,0,0,1
0.000004822,0,1,0,0,0,0,0,1
0.365091909,1E-05,0,0,0,0,0,0,1E-05
0.000012618,1E-05,0,1,0,0,0,0,1.00001
0.000019361,1E-05,1,0,0,0,0,0,1.00001
