Width,Precaution,TLHarm,TNLHarm,File,Answer,Bargain,Trial,Total
0.000004999,0,0,0,0.025,0.025,0.05,0,0.1
0.000046539,0,0,1,0.025,0.025,0.05,0,1.1
0.000003461,0,1,0,0.025,0.025,0.05,0,1.1
0.499945001,0,0,0,0,0,0,0,0
0.000005000,1.2E-05,0,0,0.025,0.025,0.05,0,0.100012
0.000022165,1.2E-05,0,1,0.025,0.025,0.05,0,1.100012
0.000021835,1.2E-05,1,0,0.025,0.025,0.05,0,1.100012
0.499951000,1.2E-05,0,0,0,0,0,0,1.2E-05
