Width,Precaution,TLHarm,TNLHarm,File,Answer,Bargain,Trial,Total
0.483107070,1E-05,0,0,0,0,0,0,1E-05
0.000043303,1E-05,0,1,0,0,0,0,1.00001
0.000000968,1E-05,1,0,0,0,0,0,1.00001
0.516808754,2E-05,0,0,0,0,0,0,2E-05
0.000029797,2E-05,0,1,0,0,0,0,1.00002
0.000010109,2E-05,1,0,0,0,0,0,1.00002
