Width,Precaution,TLHarm,TNLHarm,File,Answer,Bargain,Trial,Total
0.909587094,3E-05,0,0,0,0,0,0,3E-05
0.000053408,3E-05,0,1,0,0,0,0,1.00003
0.000013116,3E-05,1,0,0,0,0,0,1.00003
0.090341339,4E-05,0,0,0,0,0,0,4E-05
0.000005043,4E-05,0,1,0,0,0,0,1.00004
