Width,Precaution,TLHarm,TNLHarm,File,Answer,Bargain,Trial,Total
0.000000040,0,0,0,0.4,0.4,0.8,0,1.6
0.000000142,0,0,1,0.4,0.4,0.8,0,2.6
0.000000254,0,1,0,0.4,0.4,0.8,0,2.6
0.000000027,0,0,1,0.4,0,0,0,1.4
0.000000084,0,1,0,0.4,0,0,0,1.4
0.499949955,0,0,0,0,0,0,0,0
0.000046370,0,0,1,0,0,0,0,1
0.000003123,0,1,0,0,0,0,0,1
0.499956005,1.2E-05,0,0,0,0,0,0,1.2E-05
0.000022165,1.2E-05,0,1,0,0,0,0,1.000012
0.000021835,1.2E-05,1,0,0,0,0,0,1.000012
