Width,Precaution,TLHarm,TNLHarm,File,Answer,Bargain,Trial,Total
0.499954209,1.2E-05,0,0,0,0,0,0,1.2E-05
0.000044718,1.2E-05,0,1,0,0,0,0,1.000012
0.000001073,1.2E-05,1,0,0,0,0,0,1.000012
0.499961468,2.4E-05,0,0,0,0,0,0,2.4E-05
0.000028446,2.4E-05,0,1,0,0,0,0,1.000024
0.000010086,2.4E-05,1,0,0,0,0,0,1.000024
