Width,Precaution,TLHarm,TNLHarm,File,Answer,Bargain,Trial,Total
0.000003616,0,0,0,0.025,0.025,0.05,0,0.1
0.000035343,0,0,1,0.025,0.025,0.05,0,1.1
0.000000825,0,1,0,0.025,0.025,0.05,0,1.1
0.000000170,0,0,1,0.025,0.025,0.05,0.05,1.15
0.000000174,0,1,0,0.025,0.025,0.05,0.05,1.15
0.365083738,0,0,0,0,0,0,0,0
0.000006348,1E-05,0,0,0.025,0.025,0.05,0,0.10001
0.000033497,1E-05,0,1,0.025,0.025,0.05,0,1.10001
0.000022679,1E-05,1,0,0.025,0.025,0.05,0,1.10001
0.634813610,1E-05,0,0,0,0,0,0,1E-05
