Width,Precaution,TLHarm,TNLHarm,File,Answer,Bargain,Trial,Total
0.000000118,1E-05,0,0,0.15,0.15,0.2,0,0.50001
0.000000358,1E-05,0,1,0.15,0.15,0.2,0,1.50001
0.000000698,1E-05,1,0,0.15,0.15,0.2,0,1.50001
0.365090153,1E-05,0,0,0,0,0,0,1E-05
0.000030501,1E-05,0,1,0,0,0,0,1.00001
0.000002059,1E-05,1,0,0,0,0,0,1.00001
0.634832528,3E-05,0,0,0,0,0,0,3E-05
0.000026503,3E-05,0,1,0,0,0,0,1.00003
0.000017081,3E-05,1,0,0,0,0,0,1.00003
