Width,Precaution,TLHarm,TNLHarm,File,Answer,Bargain,Trial,Total
0.000000269,3.2E-05,0,0,0.15,0.15,0.2,0,0.500032
0.000001622,3.2E-05,0,1,0.15,0.15,0.2,0,1.500032
0.000000126,3.2E-05,1,0,0.15,0.15,0.2,0,1.500032
0.000000068,3.2E-05,0,1,0.15,0.15,0.2,0.1,1.600032
0.365096668,3.2E-05,0,0,0,0,0,0,3.2E-05
0.000025097,3.2E-05,0,1,0,0,0,0,1.000032
0.000000030,3.2E-05,1,0,0,0,0,0,1.000032
0.634842144,4E-05,0,0,0,0,0,0,4E-05
0.000027552,4E-05,0,1,0,0,0,0,1.00004
0.000006423,4E-05,1,0,0,0,0,0,1.00004
