Width,Precaution,TLHarm,TNLHarm,File,Answer,Bargain,Trial,Total
0.000000108,4E-05,0,0,0.15,0.15,0.2,0,0.50004
0.000000584,4E-05,0,1,0.15,0.15,0.2,0,1.50004
0.000000093,4E-05,1,0,0.15,0.15,0.2,0,1.50004
0.000000068,4E-05,0,1,0.15,0.15,0.2,0.1,1.60004
0.365096829,4E-05,0,0,0,0,0,0,4E-05
0.000026135,4E-05,0,1,0,0,0,0,1.00004
0.000000064,4E-05,1,0,0,0,0,0,1.00004
0.634842144,5E-05,0,0,0,0,0,0,5E-05
0.000027552,5E-05,0,1,0,0,0,0,1.00005
0.000006423,5E-05,1,0,0,0,0,0,1.00005
