Width,Precaution,TLHarm,TNLHarm,File,Answer,Bargain,Trial,Total
0.000007699,3E-05,0,0,0.0375,0.0375,0.05,0,0.12503
0.000050897,3E-05,0,1,0.0375,0.0375,0.05,0,1.12503
0.000006557,3E-05,1,0,0.0375,0.0375,0.05,0,1.12503
0.769916774,3E-05,0,0,0,0,0,0,3E-05
0.000002300,4E-05,0,0,0.0375,0.0375,0.05,0,0.12504
0.000012806,4E-05,0,1,0.0375,0.0375,0.05,0,1.12504
0.230002966,4E-05,0,0,0,0,0,0,4E-05
