Width,Precaution,TLHarm,TNLHarm,File,Answer,Bargain,Trial,Total
0.000004838,3E-05,0,0,0.025,0.025,0.05,0,0.10003
0.000030125,3E-05,0,1,0.025,0.025,0.05,0,1.10003
0.000002550,3E-05,1,0,0.025,0.025,0.05,0,1.10003
0.000000068,3E-05,0,1,0.025,0.025,0.05,0.05,1.15003
0.000000021,3E-05,1,0,0.025,0.025,0.05,0.05,1.15003
0.485277408,3E-05,0,0,0,0,0,0,3E-05
0.000005147,4E-05,0,0,0.025,0.025,0.05,0,0.10004
0.000023097,4E-05,0,1,0.025,0.025,0.05,0,1.10004
0.514656746,4E-05,0,0,0,0,0,0,4E-05
