Width,Precaution,TLHarm,TNLHarm,File,Answer,Bargain,Trial,Total
0.865914602,3E-05,0,0,0,0,0,0,3E-05
0.000046426,3E-05,0,1,0,0,0,0,1.00003
0.000007148,3E-05,1,0,0,0,0,0,1.00003
0.134026254,4E-05,0,0,0,0,0,0,4E-05
0.000005570,4E-05,0,1,0,0,0,0,1.00004
