Width,Precaution,TLHarm,TNLHarm,File,Answer,Bargain,Trial,Total
0.939712072,3.6E-05,0,0,0,0,0,0,3.6E-05
0.000048627,3.6E-05,0,1,0,0,0,0,1.000036
0.000008805,3.6E-05,1,0,0,0,0,0,1.000036
0.060228102,4.8E-05,0,0,0,0,0,0,4.8E-05
0.000002394,4.8E-05,0,1,0,0,0,0,1.000048
