Width,Precaution,TLHarm,TNLHarm,File,Answer,Bargain,Trial,Total
0.169134899,3E-05,0,0,0,0,0,0,3E-05
0.000011448,3E-05,0,1,0,0,0,0,1.00003
0.000000333,3E-05,1,0,0,0,0,0,1.00003
0.830811052,4E-05,0,0,0,0,0,0,4E-05
0.000042267,4E-05,0,1,0,0,0,0,1.00004
