Width,Precaution,TLHarm,TNLHarm,File,Answer,Bargain,Trial,Total
0.000000044,3E-05,0,0,0.4,0.4,0.8,0.8,2.40003
0.000000124,3E-05,0,1,0.4,0.4,0.8,0.8,3.40003
0.000000126,3E-05,1,0,0.4,0.4,0.8,0.8,3.40003
0.391851306,3E-05,0,0,0,0,0,0,3E-05
0.000026112,3E-05,0,1,0,0,0,0,1.00003
0.000000772,3E-05,1,0,0,0,0,0,1.00003
0.608093457,4E-05,0,0,0,0,0,0,4E-05
0.000028059,4E-05,0,1,0,0,0,0,1.00004
