Width,Precaution,TLHarm,TNLHarm,File,Answer,Bargain,Trial,Total
0.000000659,2E-05,0,0,0.4,0,0,0,0.40002
0.000004874,2E-05,0,1,0.4,0,0,0,1.40002
0.000000319,2E-05,1,0,0.4,0,0,0,1.40002
0.065936503,2E-05,0,0,0,0,0,0,2E-05
0.000004405,3E-05,0,0,0.4,0,0,0,0.40003
0.000026389,3E-05,0,1,0.4,0,0,0,1.40003
0.000002923,3E-05,1,0,0.4,0,0,0,1.40003
0.440483600,3E-05,0,0,0,0,0,0,3E-05
0.000004935,4E-05,0,0,0.4,0,0,0,0.40004
0.000021974,4E-05,0,1,0.4,0,0,0,1.40004
0.493513419,4E-05,0,0,0,0,0,0,4E-05
