Width,Precaution,TLHarm,TNLHarm,File,Answer,Bargain,Trial,Total
0.709277420,3.2E-05,0,0,0,0,0,0,3.2E-05
0.000036501,3.2E-05,0,1,0,0,0,0,1.000032
0.000009950,3.2E-05,1,0,0,0,0,0,1.000032
0.290659002,4E-05,0,0,0,0,0,0,4E-05
0.000015136,4E-05,0,1,0,0,0,0,1.00004
0.000001990,4E-05,1,0,0,0,0,0,1.00004
