Width,Precaution,TLHarm,TNLHarm,File,Answer,Bargain,Trial,Total
0.000009999,5E-05,0,0,0.025,0.025,0.05,0,0.10005
0.000052955,5E-05,0,1,0.025,0.025,0.05,0,1.10005
0.000006445,5E-05,1,0,0.025,0.025,0.05,0,1.10005
0.999930601,5E-05,0,0,0,0,0,0,5E-05
