Width,Precaution,TLHarm,TNLHarm,File,Answer,Bargain,Trial,Total
0.802283218,4E-05,0,0,0,0,0,0,4E-05
0.000041356,4E-05,0,1,0,0,0,0,1.00004
0.000011211,4E-05,1,0,0,0,0,0,1.00004
0.197652661,5E-05,0,0,0,0,0,0,5E-05
0.000010127,5E-05,0,1,0,0,0,0,1.00005
0.000001428,5E-05,1,0,0,0,0,0,1.00005
