Width,Precaution,TLHarm,TNLHarm,File,Answer,Bargain,Trial,Total
0.000000095,4E-05,0,0,0.4,0.4,0.8,0.8,2.40004
0.000000363,4E-05,0,1,0.4,0.4,0.8,0.8,3.40004
0.000000202,4E-05,1,0,0.4,0.4,0.8,0.8,3.40004
0.499963889,4E-05,0,0,0,0,0,0,4E-05
0.000034939,4E-05,0,1,0,0,0,0,1.00004
0.000000511,4E-05,1,0,0,0,0,0,1.00004
0.499974359,5E-05,0,0,0,0,0,0,5E-05
0.000019342,5E-05,0,1,0,0,0,0,1.00005
0.000006299,5E-05,1,0,0,0,0,0,1.00005
