Width,Precaution,TLHarm,TNLHarm,File,Answer,Bargain,Trial,Total
0.000008565,4E-05,0,0,0.1,0.1,0.2,0,0.40004
0.000047822,4E-05,0,1,0.1,0.1,0.2,0,1.40004
0.000004368,4E-05,1,0,0.1,0.1,0.2,0,1.40004
0.856493560,4E-05,0,0,0,0,0,0,4E-05
0.000001434,4.8E-05,0,0,0.1,0.1,0.2,0,0.400048
0.000006337,4.8E-05,0,1,0.1,0.1,0.2,0,1.400048
0.143437913,4.8E-05,0,0,0,0,0,0,4.8E-05
