Width,Precaution,TLHarm,TNLHarm,File,Answer,Bargain,Trial,Total
0.000001028,2E-05,0,0,0.1,0.1,0.2,0,0.40002
0.000008872,2E-05,0,1,0.1,0.1,0.2,0,1.40002
0.000000023,2E-05,1,0,0.1,0.1,0.2,0,1.40002
0.102821342,2E-05,0,0,0,0,0,0,2E-05
0.000008971,3E-05,0,0,0.1,0.1,0.2,0,0.40003
0.000046819,3E-05,0,1,0.1,0.1,0.2,0,1.40003
0.000017255,3E-05,1,0,0.1,0.1,0.2,0,1.40003
0.897095691,3E-05,0,0,0,0,0,0,3E-05
