Width,Precaution,TLHarm,TNLHarm,File,Answer,Bargain,Trial,Total
0.000008496,3E-05,0,0,0.1,0.1,0.2,0,0.40003
0.000052764,3E-05,0,1,0.1,0.1,0.2,0,1.40003
0.000009917,3E-05,1,0,0.1,0.1,0.2,0,1.40003
0.849565356,3E-05,0,0,0,0,0,0,3E-05
0.000001504,4E-05,0,0,0.1,0.1,0.2,0,0.40004
0.000008307,4E-05,0,1,0.1,0.1,0.2,0,1.40004
0.150353656,4E-05,0,0,0,0,0,0,4E-05
