Width,Precaution,TLHarm,TNLHarm,File,Answer,Bargain,Trial,Total
0.000009999,2E-05,0,0,0.1,0.1,0.2,0,0.40002
0.000070282,2E-05,0,1,0.1,0.1,0.2,0,1.40002
0.000010299,2E-05,1,0,0.1,0.1,0.2,0,1.40002
0.999909420,2E-05,0,0,0,0,0,0,2E-05
