Width,Precaution,TLHarm,TNLHarm,File,Answer,Bargain,Trial,Total
0.000007094,2E-05,0,0,0.1,0.1,0.2,0,0.40002
0.000047777,2E-05,0,1,0.1,0.1,0.2,0,1.40002
0.000010737,2E-05,1,0,0.1,0.1,0.2,0,1.40002
0.709355790,2E-05,0,0,0,0,0,0,2E-05
0.000002906,3E-05,0,0,0.1,0.1,0.2,0,0.40003
0.000006641,3E-05,0,1,0.1,0.1,0.2,0,1.40003
0.000012414,3E-05,1,0,0.1,0.1,0.2,0,1.40003
0.290556642,3E-05,0,0,0,0,0,0,3E-05
