Width,Precaution,TLHarm,TNLHarm,File,Answer,Bargain,Trial,Total
0.000000146,1E-05,0,0,0.4,0.4,0.8,0.8,2.40001
0.000000679,1E-05,0,1,0.4,0.4,0.8,0.8,3.40001
0.000000602,1E-05,1,0,0.4,0.4,0.8,0.8,3.40001
0.552513585,1E-05,0,0,0,0,0,0,1E-05
0.000047761,1E-05,0,1,0,0,0,0,1.00001
0.000001435,1E-05,1,0,0,0,0,0,1.00001
0.447401430,2E-05,0,0,0,0,0,0,2E-05
0.000024564,2E-05,0,1,0,0,0,0,1.00002
0.000009799,2E-05,1,0,0,0,0,0,1.00002
