Width,Precaution,TLHarm,TNLHarm,File,Answer,Bargain,Trial,Total
0.394048626,2E-05,0,0,0,0,0,0,2E-05
0.000029727,2E-05,0,1,0,0,0,0,1.00002
0.000003260,2E-05,1,0,0,0,0,0,1.00002
0.512528461,3E-05,0,0,0,0,0,0,3E-05
0.000023332,3E-05,0,1,0,0,0,0,1.00003
0.000012529,3E-05,1,0,0,0,0,0,1.00003
0.093348690,4E-05,0,0,0,0,0,0,4E-05
0.000005375,4E-05,0,1,0,0,0,0,1.00004
