Width,Precaution,TLHarm,TNLHarm,File,Answer,Bargain,Trial,Total
0.000009999,2.4E-05,0,0,0.025,0.025,0.05,0,0.100024
0.000070282,2.4E-05,0,1,0.025,0.025,0.05,0,1.100024
0.000010299,2.4E-05,1,0,0.025,0.025,0.05,0,1.100024
0.999909420,2.4E-05,0,0,0,0,0,0,2.4E-05
