Width,Precaution,TLHarm,TNLHarm,File,Answer,Bargain,Trial,Total
0.000000034,3.2E-05,0,0,0.4,0.4,0.8,0.8,2.400032
0.000000166,3.2E-05,0,1,0.4,0.4,0.8,0.8,3.400032
0.000000045,3.2E-05,1,0,0.4,0.4,0.8,0.8,3.400032
0.365096909,3.2E-05,0,0,0,0,0,0,3.2E-05
0.000026621,3.2E-05,0,1,0,0,0,0,1.000032
0.000000113,3.2E-05,1,0,0,0,0,0,1.000032
0.634842137,4E-05,0,0,0,0,0,0,4E-05
0.000027552,4E-05,0,1,0,0,0,0,1.00004
0.000006423,4E-05,1,0,0,0,0,0,1.00004
