Width,Precaution,TLHarm,TNLHarm,File,Answer,Bargain,Trial,Total
0.634818299,1.2E-05,0,0,0,0,0,0,1.2E-05
0.000054266,1.2E-05,0,1,0,0,0,0,1.000012
0.000003547,1.2E-05,1,0,0,0,0,0,1.000012
0.365096053,2.4E-05,0,0,0,0,0,0,2.4E-05
0.000018485,2.4E-05,0,1,0,0,0,0,1.000024
0.000009350,2.4E-05,1,0,0,0,0,0,1.000024
