Width,Precaution,TLHarm,TNLHarm,File,Answer,Bargain,Trial,Total
0.000009407,5E-05,0,0,0.1,0.1,0.2,0,0.40005
0.000051199,5E-05,0,1,0.1,0.1,0.2,0,1.40005
0.000005342,5E-05,1,0,0.1,0.1,0.2,0,1.40005
0.940649328,5E-05,0,0,0,0,0,0,5E-05
0.000000593,6E-05,0,0,0.1,0.1,0.2,0,0.40006
0.000002478,6E-05,0,1,0.1,0.1,0.2,0,1.40006
0.059281654,6E-05,0,0,0,0,0,0,6E-05
