Width,Precaution,TLHarm,TNLHarm,File,Answer,Bargain,Trial,Total
0.000003918,1E-05,0,0,0.025,0.025,0.05,0,0.10001
0.000034210,1E-05,1,0,0.025,0.025,0.05,0,1.10001
0.391840277,1E-05,0,0,0,0,0,0,1E-05
0.000002162,2E-05,0,0,0.025,0.025,0.05,0,0.10002
0.000015282,2E-05,1,0,0.025,0.025,0.05,0,1.10002
0.216225746,2E-05,0,0,0,0,0,0,2E-05
0.000003919,3E-05,0,0,0.025,0.025,0.05,0,0.10003
0.000020261,3E-05,1,0,0.025,0.025,0.05,0,1.10003
0.391854226,3E-05,0,0,0,0,0,0,3E-05
