Width,Precaution,TLHarm,TNLHarm,File,Answer,Bargain,Trial,Total
0.000001762,1E-05,0,0,0.025,0.025,0.05,0,0.10001
0.000015544,1E-05,1,0,0.025,0.025,0.05,0,1.10001
0.176180921,1E-05,0,0,0,0,0,0,1E-05
0.000004319,2E-05,0,0,0.025,0.025,0.05,0,0.10002
0.000031583,2E-05,1,0,0.025,0.025,0.05,0,1.10002
0.431887465,2E-05,0,0,0,0,0,0,2E-05
0.000003919,3E-05,0,0,0.025,0.025,0.05,0,0.10003
0.000020261,3E-05,1,0,0.025,0.025,0.05,0,1.10003
0.391854226,3E-05,0,0,0,0,0,0,3E-05
