Width,Precaution,TLHarm,TNLHarm,File,Answer,Bargain,Trial,Total
0.000003918,1.6E-05,0,0,0.025,0.025,0.05,0,0.100016
0.000030177,1.6E-05,1,0,0.025,0.025,0.05,0,1.100016
0.391844309,1.6E-05,0,0,0,0,0,0,1.6E-05
0.000002162,2.4E-05,0,0,0.025,0.025,0.05,0,0.100024
0.000013032,2.4E-05,1,0,0.025,0.025,0.05,0,1.100024
0.216227995,2.4E-05,0,0,0,0,0,0,2.4E-05
0.000003919,3.2E-05,0,0,0.025,0.025,0.05,0,0.100032
0.000016574,3.2E-05,1,0,0.025,0.025,0.05,0,1.100032
0.391857912,3.2E-05,0,0,0,0,0,0,3.2E-05
