Width,Precaution,TLHarm,TNLHarm,File,Answer,Bargain,Trial,Total
0.000009999,4E-05,0,0,0.4,0,0,0,0.40004
0.000053207,4E-05,1,0,0.4,0,0,0,1.40004
0.999936794,4E-05,0,0,0,0,0,0,4E-05
