Width,Precaution,TLHarm,TNLHarm,File,Answer,Bargain,Trial,Total
0.810079503,2E-05,0,0,0,0,0,0,2E-05
0.000048794,2E-05,0,1,0,0,0,0,1.00002
0.000017347,2E-05,1,0,0,0,0,0,1.00002
0.189841872,3E-05,0,0,0,0,0,0,3E-05
0.000004552,3E-05,0,1,0,0,0,0,1.00003
0.000007932,3E-05,1,0,0,0,0,0,1.00003
