Width,Precaution,TLHarm,TNLHarm,File,Answer,Bargain,Trial,Total
0.000000184,0,0,0,0.1,0.1,0.2,0,0.4
0.000001505,0,0,1,0.1,0.1,0.2,0,1.4
0.000000338,0,1,0,0.1,0.1,0.2,0,1.4
0.000000118,0,0,1,0.1,0.1,0.2,0.2,1.6
0.000000031,0,1,0,0.1,0.1,0.2,0.2,1.6
0.248953647,0,0,0,0,0,0,0,0
0.000022776,0,0,1,0,0,0,0,1
0.000000130,0,1,0,0,0,0,0,1
0.750954456,1E-05,0,0,0,0,0,0,1E-05
0.000043975,1E-05,0,1,0,0,0,0,1.00001
0.000022840,1E-05,1,0,0,0,0,0,1.00001
