Width,Precaution,TLHarm,TNLHarm,File,Answer,Bargain,Trial,Total
0.392424600,2E-05,0,0,0,0,0,0,2E-05
0.000030710,2E-05,0,1,0,0,0,0,1.00002
0.000002351,2E-05,1,0,0,0,0,0,1.00002
0.607500455,3E-05,0,0,0,0,0,0,3E-05
0.000025394,3E-05,0,1,0,0,0,0,1.00003
0.000016491,3E-05,1,0,0,0,0,0,1.00003
