Width,Precaution,TLHarm,TNLHarm,File,Answer,Bargain,Trial,Total
0.999934675,4E-05,0,0,0,0,0,0,4E-05
0.000050926,4E-05,0,1,0,0,0,0,1.00004
0.000014398,4E-05,1,0,0,0,0,0,1.00004
