Width,Precaution,TLHarm,TNLHarm,File,Answer,Bargain,Trial,Total
0.248955763,1E-05,0,0,0,0,0,0,1E-05
0.000021566,1E-05,0,1,0,0,0,0,1.00001
0.000001412,1E-05,1,0,0,0,0,0,1.00001
0.750961958,2E-05,0,0,0,0,0,0,2E-05
0.000030586,2E-05,0,1,0,0,0,0,1.00002
0.000028716,2E-05,1,0,0,0,0,0,1.00002
