Width,Precaution,TLHarm,TNLHarm,File,Answer,Bargain,Trial,Total
0.000008692,3E-05,0,0,0.1,0.1,0.2,0,0.40003
0.000051468,3E-05,0,1,0.1,0.1,0.2,0,1.40003
0.000012280,3E-05,1,0,0.1,0.1,0.2,0,1.40003
0.869197488,3E-05,0,0,0,0,0,0,3E-05
0.000001062,4E-05,0,0,0.1,0.1,0.2,0,0.40004
0.000006137,4E-05,0,1,0.1,0.1,0.2,0,1.40004
0.106196669,4E-05,0,0,0,0,0,0,4E-05
0.000000245,5E-05,0,0,0.1,0.1,0.2,0,0.40005
0.000001156,5E-05,0,1,0.1,0.1,0.2,0,1.40005
0.024524804,5E-05,0,0,0,0,0,0,5E-05
