Width,Precaution,TLHarm,TNLHarm,File,Answer,Bargain,Trial,Total
0.320552267,0,0,0,0,0,0,0,0
0.000030436,0,0,1,0,0,0,0,1
0.000000545,0,1,0,0,0,0,0,1
0.000000093,0,0,0,0.1,0.1,0.2,0,0.4
0.000000603,0,0,1,0.1,0.1,0.2,0,1.4
0.000000325,0,1,0,0.1,0.1,0.2,0,1.4
0.000000118,0,0,1,0.1,0.1,0.2,0.2,1.6
0.000000031,0,1,0,0.1,0.1,0.2,0.2,1.6
0.679362281,2.4E-05,0,0,0,0,0,0,2.4E-05
0.000043000,2.4E-05,0,1,0,0,0,0,1.000024
0.000010300,2.4E-05,1,0,0,0,0,0,1.000024
