Width,Precaution,TLHarm,TNLHarm,File,Answer,Bargain,Trial,Total
0.177297005,0,0,0,0,0,0,0,0
0.000017271,0,0,1,0,0,0,0,1
0.000000460,0,1,0,0,0,0,0,1
0.822611811,1.2E-05,0,0,0,0,0,0,1.2E-05
0.000050607,1.2E-05,0,1,0,0,0,0,1.000012
0.000022845,1.2E-05,1,0,0,0,0,0,1.000012
