Width,Precaution,TLHarm,TNLHarm,File,Answer,Bargain,Trial,Total
0.000001762,4E-06,0,0,0.025,0.025,0.05,0,0.100004
0.000006949,4E-06,1,0,0.025,0.025,0.05,0,1.100004
0.176189435,4E-06,0,0,0,0,0,0,4E-06
0.823801854,0.001,0,0,0,0,0,0,0.001
