Width,Precaution,TLHarm,TNLHarm,File,Answer,Bargain,Trial,Total
0.000009999,4E-06,0,0,0.1,0,0,0,0.100004
0.000053207,4E-06,1,0,0.1,0,0,0,1.100004
0.999936794,4E-06,0,0,0,0,0,0,4E-06
