Width,Precaution,TLHarm,TNLHarm,File,Answer,Bargain,Trial,Total
0.000004127,3.2E-05,0,0,0.025,0.025,0.05,0,0.100032
0.000029792,3.2E-05,0,1,0.025,0.025,0.05,0,1.100032
0.000000354,3.2E-05,1,0,0.025,0.025,0.05,0,1.100032
0.412683485,3.2E-05,0,0,0,0,0,0,3.2E-05
0.000005873,4E-05,0,0,0.025,0.025,0.05,0,0.10004
0.000024655,4E-05,0,1,0.025,0.025,0.05,0,1.10004
0.000006379,4E-05,1,0,0.025,0.025,0.05,0,1.10004
0.587245336,4E-05,0,0,0,0,0,0,4E-05
