Width,Precaution,TLHarm,TNLHarm,File,Answer,Bargain,Trial,Total
0.634831600,3.2E-05,0,0,0,0,0,0,3.2E-05
0.000042209,3.2E-05,0,1,0,0,0,0,1.000032
0.000002303,3.2E-05,1,0,0,0,0,0,1.000032
0.365105888,4E-05,0,0,0,0,0,0,4E-05
0.000012188,4E-05,0,1,0,0,0,0,1.00004
0.000005813,4E-05,1,0,0,0,0,0,1.00004
