Width,Precaution,TLHarm,TNLHarm,File,Answer,Bargain,Trial,Total
0.000003651,2.4E-05,0,0,0.025,0.025,0.05,0,0.100024
0.000028643,2.4E-05,0,1,0.025,0.025,0.05,0,1.100024
0.000000181,2.4E-05,1,0,0.025,0.025,0.05,0,1.100024
0.365091413,2.4E-05,0,0,0,0,0,0,2.4E-05
0.000006348,3.2E-05,0,0,0.025,0.025,0.05,0,0.100032
0.000030852,3.2E-05,0,1,0.025,0.025,0.05,0,1.100032
0.000007528,3.2E-05,1,0,0.025,0.025,0.05,0,1.100032
0.634831383,3.2E-05,0,0,0,0,0,0,3.2E-05
