Width,Precaution,TLHarm,TNLHarm,File,Answer,Bargain,Trial,Total
0.000000118,0,0,0,0.4,0.4,0.8,0,1.6
0.000001043,0,0,1,0.4,0.4,0.8,0,2.6
0.000000142,0,1,0,0.4,0.4,0.8,0,2.6
0.000000180,0,0,0,0.4,0,0,0,0.4
0.000001249,0,0,1,0.4,0,0,0,1.4
0.000000546,0,1,0,0.4,0,0,0,1.4
0.365087078,0,0,0,0,0,0,0,0
0.000033221,0,0,1,0,0,0,0,1
0.000000311,0,1,0,0,0,0,0,1
0.634819936,1.2E-05,0,0,0,0,0,0,1.2E-05
0.000033497,1.2E-05,0,1,0,0,0,0,1.000012
0.000022679,1.2E-05,1,0,0,0,0,0,1.000012
