Width,Precaution,TLHarm,TNLHarm,File,Answer,Bargain,Trial,Total
0.000000224,3E-05,0,0,0.1,0.1,0.2,0,0.40003
0.000000093,3E-05,0,1,0.1,0.1,0.2,0,1.40003
0.000001398,3E-05,1,0,0.1,0.1,0.2,0,1.40003
0.000000804,3E-05,0,0,0.1,0,0,0,0.10003
0.000000012,3E-05,0,1,0.1,0,0,0,1.10003
0.000005104,3E-05,1,0,0.1,0,0,0,1.10003
0.999926564,3E-05,0,0,0,0,0,0,3E-05
0.000038626,3E-05,0,1,0,0,0,0,1.00003
0.000027175,3E-05,1,0,0,0,0,0,1.00003
