Width,Precaution,TLHarm,TNLHarm,File,Answer,Bargain,Trial,Total
0.000000390,3.2E-05,0,0,0.1,0.1,0.2,0.2,0.600032
0.000001503,3.2E-05,0,1,0.1,0.1,0.2,0.2,1.600032
0.000001070,3.2E-05,1,0,0.1,0.1,0.2,0.2,1.600032
0.365096554,3.2E-05,0,0,0,0,0,0,3.2E-05
0.000023443,3.2E-05,0,1,0,0,0,0,1.000032
0.000000929,3.2E-05,1,0,0,0,0,0,1.000032
0.634845663,4.8E-05,0,0,0,0,0,0,4.8E-05
0.000024928,4.8E-05,0,1,0,0,0,0,1.000048
0.000005521,4.8E-05,1,0,0,0,0,0,1.000048
