Width,Precaution,TLHarm,TNLHarm,File,Answer,Bargain,Trial,Total
0.000000034,0,0,0,0.4,0.4,0.8,0.8,2.4
0.000000170,0,0,1,0.4,0.4,0.8,0.8,3.4
0.000000174,0,1,0,0.4,0.4,0.8,0.8,3.4
0.000000703,0,0,0,0.4,0,0,0,0.4
0.000000462,0,0,1,0.4,0,0,0,1.4
0.000006564,0,1,0,0.4,0,0,0,1.4
0.897078282,0,0,0,0,0,0,0,0
0.000060630,0,0,1,0,0,0,0,1
0.000021716,0,1,0,0,0,0,0,1
0.102822318,1E-05,0,0,0,0,0,0,1E-05
0.000001748,1E-05,0,1,0,0,0,0,1.00001
0.000007198,1E-05,1,0,0,0,0,0,1.00001
