Width,Precaution,TLHarm,TNLHarm,File,Answer,Bargain,Trial,Total
0.394778138,0,0,0,0,0,0,0,0
0.000037941,0,0,1,0,0,0,0,1
0.000001541,0,1,0,0,0,0,0,1
0.605128885,1E-05,0,0,0,0,0,0,1E-05
0.000031002,1E-05,0,1,0,0,0,0,1.00001
0.000022493,1E-05,1,0,0,0,0,0,1.00001
