Width,Precaution,TLHarm,TNLHarm,File,Answer,Bargain,Trial,Total
0.000000056,0,0,0,0.4,0.4,0.8,0,1.6
0.000000303,0,0,1,0.4,0.4,0.8,0,2.6
0.000000260,0,1,0,0.4,0.4,0.8,0,2.6
0.000000029,0,0,0,0.4,0.4,0.8,0.8,2.4
0.000000222,0,0,1,0.4,0.4,0.8,0.8,3.4
0.000000067,0,1,0,0.4,0.4,0.8,0.8,3.4
0.365087291,0,0,0,0,0,0,0,0
0.000034989,0,0,1,0,0,0,0,1
0.000000671,0,1,0,0,0,0,0,1
0.634819936,1E-05,0,0,0,0,0,0,1E-05
0.000033497,1E-05,0,1,0,0,0,0,1.00001
0.000022679,1E-05,1,0,0,0,0,0,1.00001
