Width,Precaution,TLHarm,TNLHarm,File,Answer,Bargain,Trial,Total
0.000000138,0,0,0,0.1,0.1,0.2,0,0.4
0.000000748,0,0,1,0.1,0.1,0.2,0,1.4
0.000000632,0,1,0,0.1,0.1,0.2,0,1.4
0.000000095,0,0,0,0.1,0.1,0.2,0.2,0.6
0.000000318,0,0,1,0.1,0.1,0.2,0.2,1.6
0.000000637,0,1,0,0.1,0.1,0.2,0.2,1.6
0.499949767,0,0,0,0,0,0,0,0
0.000045473,0,0,1,0,0,0,0,1
0.000002193,0,1,0,0,0,0,0,1
0.499955999,1E-05,0,0,0,0,0,0,1E-05
0.000022165,1E-05,0,1,0,0,0,0,1.00001
0.000021835,1E-05,1,0,0,0,0,0,1.00001
