Width,Precaution,TLHarm,TNLHarm,File,Answer,Bargain,Trial,Total
0.000000026,1.6E-05,1,0,0.1,0.1,0.2,0.2,1.600016
0.125947516,1.6E-05,0,0,0,0,0,0,1.6E-05
0.000009988,1.6E-05,0,1,0,0,0,0,1.000016
0.000000850,1.6E-05,1,0,0,0,0,0,1.000016
0.508882874,3.2E-05,0,0,0,0,0,0,3.2E-05
0.000032632,3.2E-05,0,1,0,0,0,0,1.000032
0.000002297,3.2E-05,1,0,0,0,0,0,1.000032
0.365105818,4E-05,0,0,0,0,0,0,4E-05
0.000012188,4E-05,0,1,0,0,0,0,1.00004
0.000005813,4E-05,1,0,0,0,0,0,1.00004
