Width,Precaution,TLHarm,TNLHarm,File,Answer,Bargain,Trial,Total
0.999919419,1.6E-05,0,0,0,0,0,0,1.6E-05
0.000051730,1.6E-05,0,1,0,0,0,0,1.000016
0.000028851,1.6E-05,1,0,0,0,0,0,1.000016
