Width,Precaution,TLHarm,TNLHarm,File,Answer,Bargain,Trial,Total
0.999945271,4.8E-05,0,0,0,0,0,0,4.8E-05
0.000049188,4.8E-05,0,1,0,0,0,0,1.000048
0.000005541,4.8E-05,1,0,0,0,0,0,1.000048
