Width,Precaution,TLHarm,TNLHarm,File,Answer,Bargain,Trial,Total
0.999934675,3.2E-05,0,0,0,0,0,0,3.2E-05
0.000057772,3.2E-05,0,1,0,0,0,0,1.000032
0.000007553,3.2E-05,1,0,0,0,0,0,1.000032
