Width,Precaution,TLHarm,TNLHarm,File,Answer,Bargain,Trial,Total
0.000003361,3.2E-05,0,0,0.025,0.025,0.05,0,0.100032
0.000024750,3.2E-05,0,1,0.025,0.025,0.05,0,1.100032
0.000000129,3.2E-05,1,0,0.025,0.025,0.05,0,1.100032
0.336093170,3.2E-05,0,0,0,0,0,0,3.2E-05
0.000006638,4E-05,0,0,0.025,0.025,0.05,0,0.10004
0.000029479,4E-05,0,1,0.025,0.025,0.05,0,1.10004
0.000006427,4E-05,1,0,0.025,0.025,0.05,0,1.10004
0.663836046,4E-05,0,0,0,0,0,0,4E-05
