Width,Precaution,TLHarm,TNLHarm,File,Answer,Bargain,Trial,Total
0.000006348,2.4E-05,0,0,0.025,0.025,0.05,0,0.100024
0.000045603,2.4E-05,0,1,0.025,0.025,0.05,0,1.100024
0.000002702,2.4E-05,1,0,0.025,0.025,0.05,0,1.100024
0.634821459,2.4E-05,0,0,0,0,0,0,2.4E-05
0.000003651,3.2E-05,0,0,0.025,0.025,0.05,0,0.100032
0.000013982,3.2E-05,0,1,0.025,0.025,0.05,0,1.100032
0.000006831,3.2E-05,1,0,0.025,0.025,0.05,0,1.100032
0.365099425,3.2E-05,0,0,0,0,0,0,3.2E-05
