Width,Precaution,TLHarm,TNLHarm,File,Answer,Bargain,Trial,Total
0.999910208,1.2E-05,0,0,0,0,0,0,1.2E-05
0.000066884,1.2E-05,0,1,0,0,0,0,1.000012
0.000022908,1.2E-05,1,0,0,0,0,0,1.000012
