Width,Precaution,TLHarm,TNLHarm,File,Answer,Bargain,Trial,Total
0.499954209,1E-05,0,0,0,0,0,0,1E-05
0.000038566,1E-05,0,1,0,0,0,0,1.00001
0.000007225,1E-05,1,0,0,0,0,0,1.00001
0.499966377,3E-05,0,0,0,0,0,0,3E-05
0.000017194,3E-05,0,1,0,0,0,0,1.00003
0.000016429,3E-05,1,0,0,0,0,0,1.00003
