Width,Precaution,TLHarm,TNLHarm,File,Answer,Bargain,Trial,Total
0.000000196,0,0,0,0.1,0.1,0.2,0,0.4
0.000000854,0,0,1,0.1,0.1,0.2,0,1.4
0.000001101,0,1,0,0.1,0.1,0.2,0,1.4
0.000000018,0,0,1,0.1,0.1,0.2,0.2,1.6
0.499949806,0,0,0,0,0,0,0,0
0.000045666,0,0,1,0,0,0,0,1
0.000002355,0,1,0,0,0,0,0,1
0.499956003,1.2E-05,0,0,0,0,0,0,1.2E-05
0.000022165,1.2E-05,0,1,0,0,0,0,1.000012
0.000021835,1.2E-05,1,0,0,0,0,0,1.000012
