Width,Precaution,TLHarm,TNLHarm,File,Answer,Bargain,Trial,Total
0.000006348,1.2E-05,0,0,0.025,0.025,0.05,0,0.100012
0.000054266,1.2E-05,0,1,0.025,0.025,0.05,0,1.100012
0.000003547,1.2E-05,1,0,0.025,0.025,0.05,0,1.100012
0.634811951,1.2E-05,0,0,0,0,0,0,1.2E-05
0.000003651,2.4E-05,0,0,0.025,0.025,0.05,0,0.100024
0.000018485,2.4E-05,0,1,0.025,0.025,0.05,0,1.100024
0.000009350,2.4E-05,1,0,0.025,0.025,0.05,0,1.100024
0.365092402,2.4E-05,0,0,0,0,0,0,2.4E-05
