Width,Precaution,TLHarm,TNLHarm,File,Answer,Bargain,Trial,Total
0.634812624,0,0,0,0,0,0,0,0
0.000054564,0,0,1,0,0,0,0,1
0.000008923,0,1,0,0,0,0,0,1
0.365091909,1.2E-05,0,0,0,0,0,0,1.2E-05
0.000012618,1.2E-05,0,1,0,0,0,0,1.000012
0.000019361,1.2E-05,1,0,0,0,0,0,1.000012
