Width,Precaution,TLHarm,TNLHarm,File,Answer,Bargain,Trial,Total
0.000000095,4E-05,0,0,0.4,0.4,0.8,0.8,2.40004
0.000000168,4E-05,0,1,0.4,0.4,0.8,0.8,3.40004
0.000000329,4E-05,1,0,0.4,0.4,0.8,0.8,3.40004
0.000000933,4E-05,0,0,0.4,0,0,0,0.40004
0.000000158,4E-05,0,1,0.4,0,0,0,1.40004
0.000004119,4E-05,1,0,0.4,0,0,0,1.40004
0.999939572,4E-05,0,0,0,0,0,0,4E-05
0.000040239,4E-05,0,1,0,0,0,0,1.00004
0.000014387,4E-05,1,0,0,0,0,0,1.00004
