Width,Precaution,TLHarm,TNLHarm,File,Answer,Bargain,Trial,Total
0.000000505,0,0,0,0.1,0.1,0.2,0,0.4
0.000002911,0,0,1,0.1,0.1,0.2,0,1.4
0.000002135,0,1,0,0.1,0.1,0.2,0,1.4
0.000000422,0,0,0,0.1,0.1,0.2,0.2,0.6
0.000001511,0,0,1,0.1,0.1,0.2,0.2,1.6
0.000002713,0,1,0,0.1,0.1,0.2,0.2,1.6
0.365086449,0,0,0,0,0,0,0,0
0.000024612,0,0,1,0,0,0,0,1
0.000002630,0,1,0,0,0,0,0,1
0.634832528,3E-05,0,0,0,0,0,0,3E-05
0.000026503,3E-05,0,1,0,0,0,0,1.00003
0.000017081,3E-05,1,0,0,0,0,0,1.00003
