Width,Precaution,TLHarm,TNLHarm,File,Answer,Bargain,Trial,Total
0.897087890,1.2E-05,0,0,0,0,0,0,1.2E-05
0.000045794,1.2E-05,0,1,0,0,0,0,1.000012
0.000035052,1.2E-05,1,0,0,0,0,0,1.000012
0.102824657,3.6E-05,0,0,0,0,0,0,3.6E-05
0.000001332,3.6E-05,0,1,0,0,0,0,1.000036
0.000005275,3.6E-05,1,0,0,0,0,0,1.000036
