Width,Precaution,TLHarm,TNLHarm,File,Answer,Bargain,Trial,Total
0.000000298,4E-05,0,0,0.4,0.4,0.8,0,1.60004
0.000001372,4E-05,0,1,0.4,0.4,0.8,0,2.60004
0.000000391,4E-05,1,0,0.4,0.4,0.8,0,2.60004
0.365098166,4E-05,0,0,0,0,0,0,4E-05
0.000023469,4E-05,0,1,0,0,0,0,1.00004
0.000000193,4E-05,1,0,0,0,0,0,1.00004
0.634845662,4.8E-05,0,0,0,0,0,0,4.8E-05
0.000024928,4.8E-05,0,1,0,0,0,0,1.000048
0.000005521,4.8E-05,1,0,0,0,0,0,1.000048
