Width,Precaution,TLHarm,TNLHarm,File,Answer,Bargain,Trial,Total
0.000000353,0,0,0,0.1,0.1,0.2,0,0.4
0.000001253,0,0,1,0.1,0.1,0.2,0,1.4
0.000002272,0,1,0,0.1,0.1,0.2,0,1.4
0.000000255,0,0,0,0.1,0.1,0.2,0.2,0.6
0.000000721,0,0,1,0.1,0.1,0.2,0.2,1.6
0.000001828,0,1,0,0.1,0.1,0.2,0.2,1.6
0.634812017,0,0,0,0,0,0,0,0
0.000052590,0,0,1,0,0,0,0,1
0.000004822,0,1,0,0,0,0,0,1
0.365096053,2E-05,0,0,0,0,0,0,2E-05
0.000018485,2E-05,0,1,0,0,0,0,1.00002
0.000009350,2E-05,1,0,0,0,0,0,1.00002
