Width,Precaution,TLHarm,TNLHarm,File,Answer,Bargain,Trial,Total
0.999910208,8E-06,0,0,0,0,0,0,8E-06
0.000045933,8E-06,0,1,0,0,0,0,1.000008
0.000043859,8E-06,1,0,0,0,0,0,1.000008
