Width,Precaution,TLHarm,TNLHarm,File,Answer,Bargain,Trial,Total
0.000000029,0,0,1,0.1,0.1,0.2,0.2,1.6
0.000000029,0,1,0,0.1,0.1,0.2,0.2,1.6
0.365087372,0,0,0,0,0,0,0,0
0.000035485,0,0,1,0,0,0,0,1
0.000000969,0,1,0,0,0,0,0,1
0.634819940,1.2E-05,0,0,0,0,0,0,1.2E-05
0.000033497,1.2E-05,0,1,0,0,0,0,1.000012
0.000022679,1.2E-05,1,0,0,0,0,0,1.000012
