Width,Precaution,TLHarm,TNLHarm,File,Answer,Bargain,Trial,Total
0.365087376,0,0,0,0,0,0,0,0
0.000035514,0,0,1,0,0,0,0,1
0.000000999,0,1,0,0,0,0,0,1
0.634819936,1.2E-05,0,0,0,0,0,0,1.2E-05
0.000033497,1.2E-05,0,1,0,0,0,0,1.000012
0.000022679,1.2E-05,1,0,0,0,0,0,1.000012
