Width,Precaution,TLHarm,TNLHarm,File,Answer,Bargain,Trial,Total
0.499950000,0,0,0,0,0,0,0,0
0.000046539,0,0,1,0,0,0,0,1
0.000003461,0,1,0,0,0,0,0,1
0.499955999,1E-05,0,0,0,0,0,0,1E-05
0.000022165,1E-05,0,1,0,0,0,0,1.00001
0.000021835,1E-05,1,0,0,0,0,0,1.00001
