Width,Precaution,TLHarm,TNLHarm,File,Answer,Bargain,Trial,Total
0.000000289,0,0,0,0.1,0.1,0.2,0.2,0.6
0.000001366,0,0,1,0.1,0.1,0.2,0.2,1.6
0.000001522,0,1,0,0.1,0.1,0.2,0.2,1.6
0.499949711,0,0,0,0,0,0,0,0
0.000045173,0,0,1,0,0,0,0,1
0.000001939,0,1,0,0,0,0,0,1
0.499955999,1.2E-05,0,0,0,0,0,0,1.2E-05
0.000022165,1.2E-05,0,1,0,0,0,0,1.000012
0.000021835,1.2E-05,1,0,0,0,0,0,1.000012
