Width,Precaution,TLHarm,TNLHarm,File,Answer,Bargain,Trial,Total
0.000000298,0,0,0,0.1,0.1,0.2,0.2,0.6
0.000002292,0,0,1,0.1,0.1,0.2,0.2,1.6
0.000000688,0,1,0,0.1,0.1,0.2,0.2,1.6
0.365087078,0,0,0,0,0,0,0,0
0.000033221,0,0,1,0,0,0,0,1
0.000000311,0,1,0,0,0,0,0,1
0.634826582,2E-05,0,0,0,0,0,0,2E-05
0.000039262,2E-05,0,1,0,0,0,0,1.00002
0.000010267,2E-05,1,0,0,0,0,0,1.00002
