Width,Precaution,TLHarm,TNLHarm,File,Answer,Bargain,Trial,Total
0.000000378,3E-05,0,0,0.1,0.1,0.2,0,0.40003
0.000000324,3E-05,0,1,0.1,0.1,0.2,0,1.40003
0.000002232,3E-05,1,0,0.1,0.1,0.2,0,1.40003
0.000001398,3E-05,0,0,0.1,0,0,0,0.10003
0.000000062,3E-05,0,1,0.1,0,0,0,1.10003
0.000008898,3E-05,1,0,0.1,0,0,0,1.10003
0.999925816,3E-05,0,0,0,0,0,0,3E-05
0.000038345,3E-05,0,1,0,0,0,0,1.00003
0.000022546,3E-05,1,0,0,0,0,0,1.00003
