Width,Precaution,TLHarm,TNLHarm,File,Answer,Bargain,Trial,Total
0.000000289,3.2E-05,0,0,0.1,0.1,0.2,0,0.400032
0.000000389,3.2E-05,0,1,0.1,0.1,0.2,0,1.400032
0.000001371,3.2E-05,1,0,0.1,0.1,0.2,0,1.400032
0.499963696,3.2E-05,0,0,0,0,0,0,3.2E-05
0.000030499,3.2E-05,0,1,0,0,0,0,1.000032
0.000003756,3.2E-05,1,0,0,0,0,0,1.000032
0.499974359,4E-05,0,0,0,0,0,0,4E-05
0.000008755,4E-05,0,1,0,0,0,0,1.00004
0.000016886,4E-05,1,0,0,0,0,0,1.00004
