Width,Precaution,TLHarm,TNLHarm,File,Answer,Bargain,Trial,Total
0.000005352,3.6E-05,0,0,0.025,0.025,0.05,0,0.100036
0.000039953,3.6E-05,0,1,0.025,0.025,0.05,0,1.100036
0.000001319,3.6E-05,1,0,0.025,0.025,0.05,0,1.100036
0.535176754,3.6E-05,0,0,0,0,0,0,3.6E-05
0.000004647,4.8E-05,0,0,0.025,0.025,0.05,0,0.100048
0.000019848,4.8E-05,0,1,0.025,0.025,0.05,0,1.100048
0.000007242,4.8E-05,1,0,0.025,0.025,0.05,0,1.100048
0.464744885,4.8E-05,0,0,0,0,0,0,4.8E-05
