Width,Precaution,TLHarm,TNLHarm,File,Answer,Bargain,Trial,Total
0.000000095,4E-05,0,0,0.4,0.4,0.8,0,1.60004
0.000000168,4E-05,0,1,0.4,0.4,0.8,0,2.60004
0.000000329,4E-05,1,0,0.4,0.4,0.8,0,2.60004
0.499966146,4E-05,0,0,0,0,0,0,4E-05
0.000031642,4E-05,0,1,0,0,0,0,1.00004
0.000001620,4E-05,1,0,0,0,0,0,1.00004
0.499977314,4.8E-05,0,0,0,0,0,0,4.8E-05
0.000017275,4.8E-05,0,1,0,0,0,0,1.000048
0.000005411,4.8E-05,1,0,0,0,0,0,1.000048
