Width,Precaution,TLHarm,TNLHarm,File,Answer,Bargain,Trial,Total
0.000006348,3.2E-05,0,0,0.025,0.025,0.05,0,0.100032
0.000042209,3.2E-05,0,1,0.025,0.025,0.05,0,1.100032
0.000002303,3.2E-05,1,0,0.025,0.025,0.05,0,1.100032
0.634825251,3.2E-05,0,0,0,0,0,0,3.2E-05
0.000003651,4E-05,0,0,0.025,0.025,0.05,0,0.10004
0.000012188,4E-05,0,1,0.025,0.025,0.05,0,1.10004
0.000005813,4E-05,1,0,0.025,0.025,0.05,0,1.10004
0.365102236,4E-05,0,0,0,0,0,0,4E-05
