Width,Precaution,TLHarm,TNLHarm,File,Answer,Bargain,Trial,Total
0.000003651,4E-05,0,0,0.025,0.025,0.05,0,0.10004
0.000024841,4E-05,0,1,0.025,0.025,0.05,0,1.10004
0.000000584,4E-05,1,0,0.025,0.025,0.05,0,1.10004
0.365094813,4E-05,0,0,0,0,0,0,4E-05
0.000006348,4.8E-05,0,0,0.025,0.025,0.05,0,0.100048
0.000024928,4.8E-05,0,1,0.025,0.025,0.05,0,1.100048
0.000005521,4.8E-05,1,0,0.025,0.025,0.05,0,1.100048
0.634839314,4.8E-05,0,0,0,0,0,0,4.8E-05
