Width,Precaution,TLHarm,TNLHarm,File,Answer,Bargain,Trial,Total
0.000000093,1.6E-05,0,0,0.1,0.1,0.2,0,0.400016
0.000000234,1.6E-05,0,1,0.1,0.1,0.2,0,1.400016
0.000000481,1.6E-05,1,0,0.1,0.1,0.2,0,1.400016
0.000000018,1.6E-05,0,1,0.1,0.1,0.2,0.2,1.600016
0.499957860,1.6E-05,0,0,0,0,0,0,1.6E-05
0.000039110,1.6E-05,0,1,0,0,0,0,1.000016
0.000002201,1.6E-05,1,0,0,0,0,0,1.000016
0.499966381,2.4E-05,0,0,0,0,0,0,2.4E-05
0.000017452,2.4E-05,0,1,0,0,0,0,1.000024
0.000016171,2.4E-05,1,0,0,0,0,0,1.000024
