Width,Precaution,TLHarm,TNLHarm,File,Answer,Bargain,Trial,Total
0.000003651,0,0,0,0.025,0.025,0.05,0,0.1
0.000035514,0,0,1,0.025,0.025,0.05,0,1.1
0.000000999,0,1,0,0.025,0.025,0.05,0,1.1
0.365083725,0,0,0,0,0,0,0,0
0.000006348,1E-05,0,0,0.025,0.025,0.05,0,0.10001
0.000033497,1E-05,0,1,0.025,0.025,0.05,0,1.10001
0.000022679,1E-05,1,0,0.025,0.025,0.05,0,1.10001
0.634813588,1E-05,0,0,0,0,0,0,1E-05
