Width,Precaution,TLHarm,TNLHarm,File,Answer,Bargain,Trial,Total
0.883969116,2E-05,0,0,0,0,0,0,2E-05
0.000050838,2E-05,0,1,0,0,0,0,1.00002
0.000021027,2E-05,1,0,0,0,0,0,1.00002
0.115951550,3E-05,0,0,0,0,0,0,3E-05
0.000001579,3E-05,0,1,0,0,0,0,1.00003
0.000005889,3E-05,1,0,0,0,0,0,1.00003
