Width,Precaution,TLHarm,TNLHarm,File,Answer,Bargain,Trial,Total
0.634823366,1.6E-05,0,0,0,0,0,0,1.6E-05
0.000045874,1.6E-05,0,1,0,0,0,0,1.000016
0.000006872,1.6E-05,1,0,0,0,0,0,1.000016
0.365099785,2.4E-05,0,0,0,0,0,0,2.4E-05
0.000009804,2.4E-05,0,1,0,0,0,0,1.000024
0.000014299,2.4E-05,1,0,0,0,0,0,1.000024
