Width,Precaution,TLHarm,TNLHarm,File,Answer,Bargain,Trial,Total
0.000000276,0,0,0,0.1,0.1,0.2,0,0.4
0.000001501,0,0,1,0.1,0.1,0.2,0,1.4
0.000001257,0,1,0,0.1,0.1,0.2,0,1.4
0.000000359,0,0,0,0.1,0.1,0.2,0.2,0.6
0.000002440,0,0,1,0.1,0.1,0.2,0.2,1.6
0.000001151,0,1,0,0.1,0.1,0.2,0.2,1.6
0.499949365,0,0,0,0,0,0,0,0
0.000042598,0,0,1,0,0,0,0,1
0.000001053,0,1,0,0,0,0,0,1
0.499961468,2.4E-05,0,0,0,0,0,0,2.4E-05
0.000028446,2.4E-05,0,1,0,0,0,0,1.000024
0.000010086,2.4E-05,1,0,0,0,0,0,1.000024
