Width,Precaution,TLHarm,TNLHarm,File,Answer,Bargain,Trial,Total
0.365092837,2.4E-05,0,0,0,0,0,0,2.4E-05
0.000030268,2.4E-05,0,1,0,0,0,0,1.000024
0.000000783,2.4E-05,1,0,0,0,0,0,1.000024
0.634832528,3.6E-05,0,0,0,0,0,0,3.6E-05
0.000026764,3.6E-05,0,1,0,0,0,0,1.000036
0.000016820,3.6E-05,1,0,0,0,0,0,1.000036
