Width,Precaution,TLHarm,TNLHarm,File,Answer,Bargain,Trial,Total
0.000000118,1.6E-05,0,0,0.4,0.4,0.8,0,1.600016
0.000000609,1.6E-05,0,1,0.4,0.4,0.8,0,2.600016
0.000000330,1.6E-05,1,0,0.4,0.4,0.8,0,2.600016
0.365092719,1.6E-05,0,0,0,0,0,0,1.6E-05
0.000029659,1.6E-05,0,1,0,0,0,0,1.000016
0.000000453,1.6E-05,1,0,0,0,0,0,1.000016
0.634832528,2.4E-05,0,0,0,0,0,0,2.4E-05
0.000026764,2.4E-05,0,1,0,0,0,0,1.000024
0.000016820,2.4E-05,1,0,0,0,0,0,1.000024
