Width,Precaution,TLHarm,TNLHarm,File,Answer,Bargain,Trial,Total
0.865053804,2E-05,0,0,0,0,0,0,2E-05
0.000045049,2E-05,0,1,0,0,0,0,1.00002
0.000024834,2E-05,1,0,0,0,0,0,1.00002
0.134866793,3E-05,0,0,0,0,0,0,3E-05
0.000007614,3E-05,0,1,0,0,0,0,1.00003
0.000001905,3E-05,1,0,0,0,0,0,1.00003
