Width,Precaution,TLHarm,TNLHarm,File,Answer,Bargain,Trial,Total
0.769924473,2.4E-05,0,0,0,0,0,0,2.4E-05
0.000038148,2.4E-05,0,1,0,0,0,0,1.000024
0.000019306,2.4E-05,1,0,0,0,0,0,1.000024
0.230007108,4E-05,0,0,0,0,0,0,4E-05
0.000006395,4E-05,0,1,0,0,0,0,1.00004
0.000004569,4E-05,1,0,0,0,0,0,1.00004
