Width,Precaution,TLHarm,TNLHarm,File,Answer,Bargain,Trial,Total
0.499954209,1.2E-05,0,0,0,0,0,0,1.2E-05
0.000038672,1.2E-05,0,1,0,0,0,0,1.000012
0.000007119,1.2E-05,1,0,0,0,0,0,1.000012
0.499966377,3.6E-05,0,0,0,0,0,0,3.6E-05
0.000017452,3.6E-05,0,1,0,0,0,0,1.000036
0.000016171,3.6E-05,1,0,0,0,0,0,1.000036
