Width,Precaution,TLHarm,TNLHarm,File,Answer,Bargain,Trial,Total
0.000000034,0,0,0,0.1,0.1,0.2,0.2,0.6
0.000000170,0,0,1,0.1,0.1,0.2,0.2,1.6
0.000000174,0,1,0,0.1,0.1,0.2,0.2,1.6
0.365087268,0,0,0,0,0,0,0,0
0.000035343,0,0,1,0,0,0,0,1
0.000000825,0,1,0,0,0,0,0,1
0.404822051,1E-05,0,0,0,0,0,0,1E-05
0.000027770,1E-05,0,1,0,0,0,0,1.00001
0.000008337,1E-05,1,0,0,0,0,0,1.00001
0.230000646,2E-05,0,0,0,0,0,0,2E-05
0.000009973,2E-05,0,1,0,0,0,0,1.00002
0.000007408,2E-05,1,0,0,0,0,0,1.00002
