Width,Precaution,TLHarm,TNLHarm,File,Answer,Bargain,Trial,Total
0.000005000,4E-05,0,0,0.025,0.025,0.05,0,0.10004
0.000031810,4E-05,0,1,0.025,0.025,0.05,0,1.10004
0.000001949,4E-05,1,0,0.025,0.025,0.05,0,1.10004
0.499961241,4E-05,0,0,0,0,0,0,4E-05
0.000005000,4.8E-05,0,0,0.025,0.025,0.05,0,0.100048
0.000017275,4.8E-05,0,1,0.025,0.025,0.05,0,1.100048
0.000005411,4.8E-05,1,0,0.025,0.025,0.05,0,1.100048
0.499972315,4.8E-05,0,0,0,0,0,0,4.8E-05
