Width,Precaution,TLHarm,TNLHarm,File,Answer,Bargain,Trial,Total
0.000005000,4E-05,0,0,0.025,0.025,0.05,0,0.10004
0.000035302,4E-05,0,1,0.025,0.025,0.05,0,1.10004
0.000000713,4E-05,1,0,0.025,0.025,0.05,0,1.10004
0.499958985,4E-05,0,0,0,0,0,0,4E-05
0.000005000,5E-05,0,0,0.025,0.025,0.05,0,0.10005
0.000019342,5E-05,0,1,0.025,0.025,0.05,0,1.10005
0.000006299,5E-05,1,0,0.025,0.025,0.05,0,1.10005
0.499969360,5E-05,0,0,0,0,0,0,5E-05
