Width,Precaution,TLHarm,TNLHarm,File,Answer,Bargain,Trial,Total
0.000000118,1.6E-05,0,0,0.1,0.1,0.2,0.2,0.600016
0.000000609,1.6E-05,0,1,0.1,0.1,0.2,0.2,1.600016
0.000000330,1.6E-05,1,0,0.1,0.1,0.2,0.2,1.600016
0.365092719,1.6E-05,0,0,0,0,0,0,1.6E-05
0.000029659,1.6E-05,0,1,0,0,0,0,1.000016
0.000000453,1.6E-05,1,0,0,0,0,0,1.000016
0.634837732,3.2E-05,0,0,0,0,0,0,3.2E-05
0.000030852,3.2E-05,0,1,0,0,0,0,1.000032
0.000007528,3.2E-05,1,0,0,0,0,0,1.000032
