Width,Precaution,TLHarm,TNLHarm,File,Answer,Bargain,Trial,Total
0.102822930,2.4E-05,0,0,0,0,0,0,2.4E-05
0.000007834,2.4E-05,0,1,0,0,0,0,1.000024
0.000000500,2.4E-05,1,0,0,0,0,0,1.000024
0.897116825,4E-05,0,0,0,0,0,0,4E-05
0.000033093,4E-05,0,1,0,0,0,0,1.00004
0.000018817,4E-05,1,0,0,0,0,0,1.00004
