Width,Precaution,TLHarm,TNLHarm,File,Answer,Bargain,Trial,Total
0.000009999,0,0,0,0.4,0,0,0,0.4
0.000037807,0,0,1,0.4,0,0,0,1.4
0.000062193,0,1,0,0.4,0,0,0,1.4
0.999890001,0,0,0,0,0,0,0,0
