Width,Precaution,TLHarm,TNLHarm,File,Answer,Bargain,Trial,Total
0.000005000,1E-05,0,0,0.025,0.025,0.05,0,0.10001
0.000044718,1E-05,0,1,0.025,0.025,0.05,0,1.10001
0.000001073,1E-05,1,0,0.025,0.025,0.05,0,1.10001
0.499949209,1E-05,0,0,0,0,0,0,1E-05
0.000005000,2E-05,0,0,0.025,0.025,0.05,0,0.10002
0.000028446,2E-05,0,1,0.025,0.025,0.05,0,1.10002
0.000010086,2E-05,1,0,0.025,0.025,0.05,0,1.10002
0.499956468,2E-05,0,0,0,0,0,0,2E-05
