Width,Precaution,TLHarm,TNLHarm,File,Answer,Bargain,Trial,Total
0.000000108,0,0,0,0.1,0.1,0.2,0,0.4
0.000000665,0,0,1,0.1,0.1,0.2,0,1.4
0.000000416,0,1,0,0.1,0.1,0.2,0,1.4
0.000000092,0,0,1,0.1,0.1,0.2,0.2,1.6
0.000000012,0,1,0,0.1,0.1,0.2,0.2,1.6
0.365087261,0,0,0,0,0,0,0,0
0.000034756,0,0,1,0,0,0,0,1
0.000000571,0,1,0,0,0,0,0,1
0.634819943,1E-05,0,0,0,0,0,0,1E-05
0.000033497,1E-05,0,1,0,0,0,0,1.00001
0.000022679,1E-05,1,0,0,0,0,0,1.00001
