Width,Precaution,TLHarm,TNLHarm,File,Answer,Bargain,Trial,Total
0.000000085,0,0,0,0.4,0.4,0.8,0,1.6
0.000000249,0,0,1,0.4,0.4,0.8,0,2.6
0.000000602,0,1,0,0.4,0.4,0.8,0,2.6
0.000000010,0,0,0,0.4,0.4,0.8,0.8,2.4
0.000000069,0,0,1,0.4,0.4,0.8,0.8,3.4
0.000000035,0,1,0,0.4,0.4,0.8,0.8,3.4
0.499949905,0,0,0,0,0,0,0,0
0.000046221,0,0,1,0,0,0,0,1
0.000002824,0,1,0,0,0,0,0,1
0.499955999,1E-05,0,0,0,0,0,0,1E-05
0.000022165,1E-05,0,1,0,0,0,0,1.00001
0.000021835,1E-05,1,0,0,0,0,0,1.00001
