Width,Precaution,TLHarm,TNLHarm,File,Answer,Bargain,Trial,Total
0.000006974,2.4E-05,0,0,0.025,0.025,0.05,0,0.100024
0.000048104,2.4E-05,0,1,0.025,0.025,0.05,0,1.100024
0.000004437,2.4E-05,1,0,0.025,0.025,0.05,0,1.100024
0.697376348,2.4E-05,0,0,0,0,0,0,2.4E-05
0.000003025,3.2E-05,0,0,0.025,0.025,0.05,0,0.100032
0.000010943,3.2E-05,0,1,0.025,0.025,0.05,0,1.100032
0.000006162,3.2E-05,1,0,0.025,0.025,0.05,0,1.100032
0.302544006,3.2E-05,0,0,0,0,0,0,3.2E-05
