Width,Precaution,TLHarm,TNLHarm,File,Answer,Bargain,Trial,Total
0.000000024,0,0,0,0.4,0.4,0.8,0,1.6
0.000000102,0,0,1,0.4,0.4,0.8,0,2.6
0.000000139,0,1,0,0.4,0.4,0.8,0,2.6
0.000000010,0,0,0,0.4,0.4,0.8,0.8,2.4
0.000000069,0,0,1,0.4,0.4,0.8,0.8,3.4
0.000000035,0,1,0,0.4,0.4,0.8,0.8,3.4
0.365087341,0,0,0,0,0,0,0,0
0.000035343,0,0,1,0,0,0,0,1
0.000000825,0,1,0,0,0,0,0,1
0.634819936,1.2E-05,0,0,0,0,0,0,1.2E-05
0.000033497,1.2E-05,0,1,0,0,0,0,1.000012
0.000022679,1.2E-05,1,0,0,0,0,0,1.000012
