Width,Precaution,TLHarm,TNLHarm,File,Answer,Bargain,Trial,Total
0.769918727,1.6E-05,0,0,0,0,0,0,1.6E-05
0.000049602,1.6E-05,0,1,0,0,0,0,1.000016
0.000013598,1.6E-05,1,0,0,0,0,0,1.000016
0.230003119,2.4E-05,0,0,0,0,0,0,2.4E-05
0.000004402,2.4E-05,0,1,0,0,0,0,1.000024
0.000010552,2.4E-05,1,0,0,0,0,0,1.000024
