Width,Precaution,TLHarm,TNLHarm,File,Answer,Bargain,Trial,Total
0.999919419,2.4E-05,0,0,0,0,0,0,2.4E-05
0.000051730,2.4E-05,0,1,0,0,0,0,1.000024
0.000028851,2.4E-05,1,0,0,0,0,0,1.000024
