Width,Precaution,TLHarm,TNLHarm,File,Answer,Bargain,Trial,Total
0.000006944,1E-05,0,0,0.025,0.025,0.05,0,0.10001
0.000057306,1E-05,0,1,0.025,0.025,0.05,0,1.10001
0.000005762,1E-05,1,0,0.025,0.025,0.05,0,1.10001
0.694414546,1E-05,0,0,0,0,0,0,1E-05
0.000003055,2E-05,0,0,0.025,0.025,0.05,0,0.10002
0.000014730,2E-05,0,1,0.025,0.025,0.05,0,1.10002
0.000008493,2E-05,1,0,0.025,0.025,0.05,0,1.10002
0.305489165,2E-05,0,0,0,0,0,0,2E-05
