Width,Precaution,TLHarm,TNLHarm,File,Answer,Bargain,Trial,Total
0.000000078,0,0,0,0.4,0.4,0.8,0,1.6
0.000000436,0,0,1,0.4,0.4,0.8,0,2.6
0.000000340,0,1,0,0.4,0.4,0.8,0,2.6
0.000000041,0,0,0,0.4,0.4,0.8,0.8,2.4
0.000000322,0,0,1,0.4,0.4,0.8,0.8,3.4
0.000000087,0,1,0,0.4,0.4,0.8,0.8,3.4
0.365087257,0,0,0,0,0,0,0,0
0.000034756,0,0,1,0,0,0,0,1
0.000000571,0,1,0,0,0,0,0,1
0.634819936,1.2E-05,0,0,0,0,0,0,1.2E-05
0.000033497,1.2E-05,0,1,0,0,0,0,1.000012
0.000022679,1.2E-05,1,0,0,0,0,0,1.000012
