Width,Precaution,TLHarm,TNLHarm,File,Answer,Bargain,Trial,Total
0.897079019,0,0,0,0,0,0,0,0
0.000061263,0,0,1,0,0,0,0,1
0.000028454,0,1,0,0,0,0,0,1
0.102822318,1.2E-05,0,0,0,0,0,0,1.2E-05
0.000001748,1.2E-05,0,1,0,0,0,0,1.000012
0.000007198,1.2E-05,1,0,0,0,0,0,1.000012
