Width,Precaution,TLHarm,TNLHarm,File,Answer,Bargain,Trial,Total
0.000005000,1.2E-05,0,0,0.025,0.025,0.05,0,0.100012
0.000044718,1.2E-05,0,1,0.025,0.025,0.05,0,1.100012
0.000001073,1.2E-05,1,0,0.025,0.025,0.05,0,1.100012
0.499949209,1.2E-05,0,0,0,0,0,0,1.2E-05
0.000005000,2.4E-05,0,0,0.025,0.025,0.05,0,0.100024
0.000028446,2.4E-05,0,1,0.025,0.025,0.05,0,1.100024
0.000010086,2.4E-05,1,0,0.025,0.025,0.05,0,1.100024
0.499956468,2.4E-05,0,0,0,0,0,0,2.4E-05
