Width,Precaution,TLHarm,TNLHarm,File,Answer,Bargain,Trial,Total
0.836590350,4E-05,0,0,0,0,0,0,4E-05
0.000034701,4E-05,0,1,0,0,0,0,1.00004
0.000015415,4E-05,1,0,0,0,0,0,1.00004
0.163351067,4.8E-05,0,0,0,0,0,0,4.8E-05
0.000007868,4.8E-05,0,1,0,0,0,0,1.000048
0.000000599,4.8E-05,1,0,0,0,0,0,1.000048
