Width,Precaution,TLHarm,TNLHarm,File,Answer,Bargain,Trial,Total
0.000005783,3E-05,0,0,0.025,0.025,0.05,0,0.10003
0.000034133,3E-05,0,1,0.025,0.025,0.05,0,1.10003
0.000004236,3E-05,1,0,0.025,0.025,0.05,0,1.10003
0.578277312,3E-05,0,0,0,0,0,0,3E-05
0.000004217,4E-05,0,0,0.025,0.025,0.05,0,0.10004
0.000018157,4E-05,0,1,0.025,0.025,0.05,0,1.10004
0.421656161,4E-05,0,0,0,0,0,0,4E-05
