Width,Precaution,TLHarm,TNLHarm,File,Answer,Bargain,Trial,Total
0.000009624,3.2E-05,0,0,0.025,0.025,0.05,0,0.100032
0.000043413,3.2E-05,0,1,0.025,0.025,0.05,0,1.100032
0.000008130,3.2E-05,1,0,0.025,0.025,0.05,0,1.100032
0.000000376,3.2E-05,0,0,0.025,0.025,0.05,0.05,0.150032
0.000001152,3.2E-05,0,1,0.025,0.025,0.05,0.05,1.150032
0.000000513,3.2E-05,1,0,0.025,0.025,0.05,0.05,1.150032
0.999936794,3.2E-05,0,0,0,0,0,0,3.2E-05
