Width,Precaution,TLHarm,TNLHarm,File,Answer,Bargain,Trial,Total
0.000009999,3.6E-05,0,0,0.1,0.1,0.2,0,0.400036
0.000049708,3.6E-05,0,1,0.1,0.1,0.2,0,1.400036
0.000010719,3.6E-05,1,0,0.1,0.1,0.2,0,1.400036
0.999929574,3.6E-05,0,0,0,0,0,0,3.6E-05
