Width,Precaution,TLHarm,TNLHarm,File,Answer,Bargain,Trial,Total
0.991932516,3E-05,0,0,0,0,0,0,3E-05
0.000039524,3E-05,0,1,0,0,0,0,1.00003
0.000020506,3E-05,1,0,0,0,0,0,1.00003
0.008007138,4E-05,0,0,0,0,0,0,4E-05
0.000000316,4E-05,0,1,0,0,0,0,1.00004
