Width,Precaution,TLHarm,TNLHarm,File,Answer,Bargain,Trial,Total
0.999939574,3.6E-05,0,0,0,0,0,0,3.6E-05
0.000039689,3.6E-05,0,1,0,0,0,0,1.000036
0.000020738,3.6E-05,1,0,0,0,0,0,1.000036
