Width,Precaution,TLHarm,TNLHarm,File,Answer,Bargain,Trial,Total
0.000005670,3.2E-05,0,0,0.1,0.1,0.2,0,0.400032
0.000010112,3.2E-05,0,1,0.1,0.1,0.2,0,1.400032
0.000015766,3.2E-05,1,0,0.1,0.1,0.2,0,1.400032
0.000000411,3.2E-05,0,0,0.1,0.1,0.2,0.2,0.600032
0.000001620,3.2E-05,0,1,0.1,0.1,0.2,0.2,1.600032
0.000000562,3.2E-05,1,0,0.1,0.1,0.2,0.2,1.600032
0.999940712,3.2E-05,0,0,0,0,0,0,3.2E-05
0.000024354,3.2E-05,0,1,0,0,0,0,1.000032
0.000000793,3.2E-05,1,0,0,0,0,0,1.000032
