Width,Precaution,TLHarm,TNLHarm,File,Answer,Bargain,Trial,Total
0.000001762,3.6E-05,0,0,0.1,0.1,0.2,0,0.400036
0.000000657,3.6E-05,0,1,0.1,0.1,0.2,0,1.400036
0.000008060,3.6E-05,1,0,0.1,0.1,0.2,0,1.400036
0.999937812,3.6E-05,0,0,0,0,0,0,3.6E-05
0.000039032,3.6E-05,0,1,0,0,0,0,1.000036
0.000012678,3.6E-05,1,0,0,0,0,0,1.000036
