Width,Precaution,TLHarm,TNLHarm,File,Answer,Bargain,Trial,Total
0.000006081,3.2E-05,0,0,0.1,0.1,0.2,0,0.400032
0.000032531,3.2E-05,0,1,0.1,0.1,0.2,0,1.400032
0.000004101,3.2E-05,1,0,0.1,0.1,0.2,0,1.400032
0.000003919,3.2E-05,0,0,0.1,0.1,0.2,0.2,0.600032
0.000003554,3.2E-05,0,1,0.1,0.1,0.2,0.2,1.600032
0.000013020,3.2E-05,1,0,0.1,0.1,0.2,0.2,1.600032
0.999936794,3.2E-05,0,0,0,0,0,0,3.2E-05
