Width,Precaution,TLHarm,TNLHarm,File,Answer,Bargain,Trial,Total
0.823742043,2.4E-05,0,0,0,0,0,0,2.4E-05
0.000053749,2.4E-05,0,1,0,0,0,0,1.000024
0.000005946,2.4E-05,1,0,0,0,0,0,1.000024
0.176189546,3.6E-05,0,0,0,0,0,0,3.6E-05
0.000008716,3.6E-05,0,1,0,0,0,0,1.000036
