Width,Precaution,TLHarm,TNLHarm,File,Answer,Bargain,Trial,Total
0.000004832,3.2E-05,0,0,0.1,0.1,0.2,0,0.400032
0.000024642,3.2E-05,0,1,0.1,0.1,0.2,0,1.400032
0.000004192,3.2E-05,1,0,0.1,0.1,0.2,0,1.400032
0.000005168,3.2E-05,0,0,0.1,0.1,0.2,0.2,0.600032
0.000011444,3.2E-05,0,1,0.1,0.1,0.2,0.2,1.600032
0.000012929,3.2E-05,1,0,0.1,0.1,0.2,0.2,1.600032
0.999936794,3.2E-05,0,0,0,0,0,0,3.2E-05
