Width,Precaution,TLHarm,TNLHarm,File,Answer,Bargain,Trial,Total
0.000003826,2.4E-05,0,0,0.1,0.1,0.2,0,0.400024
0.000025992,2.4E-05,0,1,0.1,0.1,0.2,0,1.400024
0.000000619,2.4E-05,1,0,0.1,0.1,0.2,0,1.400024
0.391847524,2.4E-05,0,0,0,0,0,0,2.4E-05
0.000000263,2.4E-05,0,1,0,0,0,0,1.000024
0.000000260,2.4E-05,1,0,0,0,0,0,1.000024
0.000006081,3.2E-05,0,0,0.1,0.1,0.2,0,0.400032
0.000028059,3.2E-05,0,1,0.1,0.1,0.2,0,1.400032
0.608087376,3.2E-05,0,0,0,0,0,0,3.2E-05
