Width,Precaution,TLHarm,TNLHarm,File,Answer,Bargain,Trial,Total
0.000000411,3.2E-05,0,0,0.4,0.4,0.8,0,1.600032
0.000001620,3.2E-05,0,1,0.4,0.4,0.8,0,2.600032
0.000000562,3.2E-05,1,0,0.4,0.4,0.8,0,2.600032
0.000003508,3.2E-05,0,0,0.4,0,0,0,0.400032
0.000001935,3.2E-05,0,1,0.4,0,0,0,1.400032
0.000012458,3.2E-05,1,0,0.4,0,0,0,1.400032
0.999942875,3.2E-05,0,0,0,0,0,0,3.2E-05
0.000032531,3.2E-05,0,1,0,0,0,0,1.000032
0.000004101,3.2E-05,1,0,0,0,0,0,1.000032
