Width,Precaution,TLHarm,TNLHarm,File,Answer,Bargain,Trial,Total
0.608076057,2.4E-05,0,0,0,0,0,0,2.4E-05
0.000044170,2.4E-05,0,1,0,0,0,0,1.000024
0.000001289,2.4E-05,1,0,0,0,0,0,1.000024
0.391858223,3.6E-05,0,0,0,0,0,0,3.6E-05
0.000020261,3.6E-05,0,1,0,0,0,0,1.000036
