Width,Precaution,TLHarm,TNLHarm,File,Answer,Bargain,Trial,Total
0.000009545,3.2E-05,0,0,0.025,0.025,0.05,0,0.100032
0.000033648,3.2E-05,0,1,0.025,0.025,0.05,0,1.100032
0.000016850,3.2E-05,1,0,0.025,0.025,0.05,0,1.100032
0.000000455,3.2E-05,0,0,0.025,0.025,0.05,0.05,0.150032
0.000002438,3.2E-05,0,1,0.025,0.025,0.05,0.05,1.150032
0.000000271,3.2E-05,1,0,0.025,0.025,0.05,0.05,1.150032
0.999936794,3.2E-05,0,0,0,0,0,0,3.2E-05
