Width,Precaution,TLHarm,TNLHarm,File,Answer,Bargain,Trial,Total
0.000001747,3E-05,0,0,0.1,0.1,0.2,0,0.40003
0.000012491,3E-05,0,1,0.1,0.1,0.2,0,1.40003
0.000000050,3E-05,1,0,0.1,0.1,0.2,0,1.40003
0.176183885,3E-05,0,0,0,0,0,0,3E-05
0.000000068,3E-05,0,1,0,0,0,0,1.00003
0.000000021,3E-05,1,0,0,0,0,0,1.00003
0.000008238,4E-05,0,0,0.1,0.1,0.2,0,0.40004
0.000041375,4E-05,0,1,0.1,0.1,0.2,0,1.40004
0.823752125,4E-05,0,0,0,0,0,0,4E-05
