Width,Precaution,TLHarm,TNLHarm,File,Answer,Bargain,Trial,Total
0.999939574,2.4E-05,0,0,0,0,0,0,2.4E-05
0.000039689,2.4E-05,0,1,0,0,0,0,1.000024
0.000020738,2.4E-05,1,0,0,0,0,0,1.000024
