Width,Precaution,TLHarm,TNLHarm,File,Answer,Bargain,Trial,Total
0.000008238,4E-05,0,0,0.025,0.025,0.05,0,0.10004
0.000042186,4E-05,0,1,0.025,0.025,0.05,0,1.10004
0.000004072,4E-05,1,0,0.025,0.025,0.05,0,1.10004
0.000001762,4E-05,0,0,0.025,0.025,0.05,0.05,0.15004
0.000002378,4E-05,0,1,0.025,0.025,0.05,0.05,1.15004
0.000004571,4E-05,1,0,0.025,0.025,0.05,0.05,1.15004
0.999936794,4E-05,0,0,0,0,0,0,4E-05
