Width,Precaution,TLHarm,TNLHarm,File,Answer,Bargain,Trial,Total
0.391851350,2.4E-05,0,0,0,0,0,0,2.4E-05
0.000026255,2.4E-05,0,1,0,0,0,0,1.000024
0.000000879,2.4E-05,1,0,0,0,0,0,1.000024
0.608093457,3.2E-05,0,0,0,0,0,0,3.2E-05
0.000028059,3.2E-05,0,1,0,0,0,0,1.000032
