Width,Precaution,TLHarm,TNLHarm,File,Answer,Bargain,Trial,Total
0.000008525,3.2E-05,0,0,0.025,0.025,0.05,0,0.100032
0.000029750,3.2E-05,0,1,0.025,0.025,0.05,0,1.100032
0.000015355,3.2E-05,1,0,0.025,0.025,0.05,0,1.100032
0.000001474,3.2E-05,0,0,0.025,0.025,0.05,0.05,0.150032
0.000006336,3.2E-05,0,1,0.025,0.025,0.05,0.05,1.150032
0.000001766,3.2E-05,1,0,0.025,0.025,0.05,0.05,1.150032
0.999936794,3.2E-05,0,0,0,0,0,0,3.2E-05
