Width,Precaution,TLHarm,TNLHarm,File,Answer,Bargain,Trial,Total
0.000003919,3.2E-05,0,0,0.025,0.025,0.05,0,0.100032
0.000024354,3.2E-05,0,1,0.025,0.025,0.05,0,1.100032
0.000000793,3.2E-05,1,0,0.025,0.025,0.05,0,1.100032
0.000006081,3.2E-05,0,0,0.025,0.025,0.05,0.05,0.150032
0.000011732,3.2E-05,0,1,0.025,0.025,0.05,0.05,1.150032
0.000016328,3.2E-05,1,0,0.025,0.025,0.05,0.05,1.150032
0.999936794,3.2E-05,0,0,0,0,0,0,3.2E-05
