Width,Precaution,TLHarm,TNLHarm,File,Answer,Bargain,Trial,Total
0.000000015,2.4E-05,0,0,0.4,0.4,0.8,0.8,2.400024
0.000000082,2.4E-05,0,1,0.4,0.4,0.8,0.8,3.400024
0.000000024,2.4E-05,1,0,0.4,0.4,0.8,0.8,3.400024
0.176184372,2.4E-05,0,0,0,0,0,0,2.4E-05
0.000013718,2.4E-05,0,1,0,0,0,0,1.000024
0.000000052,2.4E-05,1,0,0,0,0,0,1.000024
0.823753942,3.6E-05,0,0,0,0,0,0,3.6E-05
0.000037080,3.6E-05,0,1,0,0,0,0,1.000036
0.000010716,3.6E-05,1,0,0,0,0,0,1.000036
