Width,Precaution,TLHarm,TNLHarm,File,Answer,Bargain,Trial,Total
0.000000396,3E-05,0,0,0.1,0.1,0.2,0,0.40003
0.000001764,3E-05,0,1,0.1,0.1,0.2,0,1.40003
0.000000621,3E-05,1,0,0.1,0.1,0.2,0,1.40003
0.000000068,3E-05,0,1,0.1,0.1,0.2,0.2,1.60003
0.000000021,3E-05,1,0,0.1,0.1,0.2,0.2,1.60003
0.391850945,3E-05,0,0,0,0,0,0,3E-05
0.000024404,3E-05,0,1,0,0,0,0,1.00003
0.000000256,3E-05,1,0,0,0,0,0,1.00003
0.608093466,4E-05,0,0,0,0,0,0,4E-05
0.000028059,4E-05,0,1,0,0,0,0,1.00004
