Width,Precaution,TLHarm,TNLHarm,File,Answer,Bargain,Trial,Total
0.000000015,2E-05,0,0,0.4,0.4,0.8,0.8,2.40002
0.000000082,2E-05,0,1,0.4,0.4,0.8,0.8,3.40002
0.000000024,2E-05,1,0,0.4,0.4,0.8,0.8,3.40002
0.176184372,2E-05,0,0,0,0,0,0,2E-05
0.000013718,2E-05,0,1,0,0,0,0,1.00002
0.000000052,2E-05,1,0,0,0,0,0,1.00002
0.823753942,3E-05,0,0,0,0,0,0,3E-05
0.000037080,3E-05,0,1,0,0,0,0,1.00003
0.000010716,3E-05,1,0,0,0,0,0,1.00003
