Width,Precaution,TLHarm,TNLHarm,File,Answer,Bargain,Trial,Total
0.000006081,2.4E-05,0,0,0.025,0.025,0.05,0,0.100024
0.000044170,2.4E-05,0,1,0.025,0.025,0.05,0,1.100024
0.000001289,2.4E-05,1,0,0.025,0.025,0.05,0,1.100024
0.608069977,2.4E-05,0,0,0,0,0,0,2.4E-05
0.000003919,3.6E-05,0,0,0.025,0.025,0.05,0,0.100036
0.000020261,3.6E-05,0,1,0.025,0.025,0.05,0,1.100036
0.391854304,3.6E-05,0,0,0,0,0,0,3.6E-05
