Width,Precaution,TLHarm,TNLHarm,File,Answer,Bargain,Trial,Total
0.000000094,2E-05,0,0,0.1,0.1,0.2,0.2,0.60002
0.000000324,2E-05,0,1,0.1,0.1,0.2,0.2,1.60002
0.000000314,2E-05,1,0,0.1,0.1,0.2,0.2,1.60002
0.391848213,2E-05,0,0,0,0,0,0,2E-05
0.000028856,2E-05,0,1,0,0,0,0,1.00002
0.000000684,2E-05,1,0,0,0,0,0,1.00002
0.608088224,3E-05,0,0,0,0,0,0,3E-05
0.000022670,3E-05,0,1,0,0,0,0,1.00003
0.000010622,3E-05,1,0,0,0,0,0,1.00003
