Width,Precaution,TLHarm,TNLHarm,File,Answer,Bargain,Trial,Total
0.000000217,3.6E-05,0,0,0.1,0.1,0.2,0.2,0.600036
0.000000879,3.6E-05,0,1,0.1,0.1,0.2,0.2,1.600036
0.000000406,3.6E-05,1,0,0.1,0.1,0.2,0.2,1.600036
0.391851133,3.6E-05,0,0,0,0,0,0,3.6E-05
0.000025376,3.6E-05,0,1,0,0,0,0,1.000036
0.000000473,3.6E-05,1,0,0,0,0,0,1.000036
0.608093457,4.8E-05,0,0,0,0,0,0,4.8E-05
0.000028059,4.8E-05,0,1,0,0,0,0,1.000048
