Width,Precaution,TLHarm,TNLHarm,File,Answer,Bargain,Trial,Total
0.000000376,2.4E-05,0,0,0.4,0.4,0.8,0.8,2.400024
0.000001749,2.4E-05,0,1,0.4,0.4,0.8,0.8,3.400024
0.000000725,2.4E-05,1,0,0.4,0.4,0.8,0.8,3.400024
0.608075681,2.4E-05,0,0,0,0,0,0,2.4E-05
0.000042421,2.4E-05,0,1,0,0,0,0,1.000024
0.000000564,2.4E-05,1,0,0,0,0,0,1.000024
0.391858223,3.6E-05,0,0,0,0,0,0,3.6E-05
0.000020261,3.6E-05,0,1,0,0,0,0,1.000036
