Width,Precaution,TLHarm,TNLHarm,File,Answer,Bargain,Trial,Total
0.000003187,3.6E-05,0,0,0.1,0.1,0.2,0,0.400036
0.000021848,3.6E-05,0,1,0.1,0.1,0.2,0,1.400036
0.000000441,3.6E-05,1,0,0.1,0.1,0.2,0,1.400036
0.325681220,3.6E-05,0,0,0,0,0,0,3.6E-05
0.000000206,3.6E-05,0,1,0,0,0,0,1.000036
0.000000189,3.6E-05,1,0,0,0,0,0,1.000036
0.000006743,4.8E-05,0,0,0.1,0.1,0.2,0,0.400048
0.000032145,4.8E-05,0,1,0.1,0.1,0.2,0,1.400048
0.674254021,4.8E-05,0,0,0,0,0,0,4.8E-05
