Width,Precaution,TLHarm,TNLHarm,File,Answer,Bargain,Trial,Total
0.000000029,1.2E-05,0,1,0.1,0.1,0.2,0.2,1.600012
0.000000096,1.2E-05,1,0,0.1,0.1,0.2,0.2,1.600012
0.176182706,1.2E-05,0,0,0,0,0,0,1.2E-05
0.000014460,1.2E-05,0,1,0,0,0,0,1.000012
0.000000959,1.2E-05,1,0,0,0,0,0,1.000012
0.823744788,2.4E-05,0,0,0,0,0,0,2.4E-05
0.000043843,2.4E-05,0,1,0,0,0,0,1.000024
0.000013119,2.4E-05,1,0,0,0,0,0,1.000024
