Width,Precaution,TLHarm,TNLHarm,File,Answer,Bargain,Trial,Total
0.000009999,3.2E-05,0,0,0.1,0.1,0.2,0,0.400032
0.000036086,3.2E-05,0,1,0.1,0.1,0.2,0,1.400032
0.000017121,3.2E-05,1,0,0.1,0.1,0.2,0,1.400032
0.999936794,3.2E-05,0,0,0,0,0,0,3.2E-05
