Width,Precaution,TLHarm,TNLHarm,File,Answer,Bargain,Trial,Total
0.000009906,3.2E-05,0,0,0.1,0.1,0.2,0,0.400032
0.000035860,3.2E-05,0,1,0.1,0.1,0.2,0,1.400032
0.000016891,3.2E-05,1,0,0.1,0.1,0.2,0,1.400032
0.000000094,3.2E-05,0,0,0.1,0.1,0.2,0.2,0.600032
0.000000225,3.2E-05,0,1,0.1,0.1,0.2,0.2,1.600032
0.000000230,3.2E-05,1,0,0.1,0.1,0.2,0.2,1.600032
0.999936794,3.2E-05,0,0,0,0,0,0,3.2E-05
