Width,Precaution,TLHarm,TNLHarm,File,Answer,Bargain,Trial,Total
0.823750028,3.6E-05,0,0,0,0,0,0,3.6E-05
0.000039032,3.6E-05,0,1,0,0,0,0,1.000036
0.000012678,3.6E-05,1,0,0,0,0,0,1.000036
0.176191313,4.8E-05,0,0,0,0,0,0,4.8E-05
0.000006949,4.8E-05,0,1,0,0,0,0,1.000048
