Width,Precaution,TLHarm,TNLHarm,File,Answer,Bargain,Trial,Total
0.000009827,3.2E-05,0,0,0.025,0.025,0.05,0,0.100032
0.000035427,3.2E-05,0,1,0.025,0.025,0.05,0,1.100032
0.000016864,3.2E-05,1,0,0.025,0.025,0.05,0,1.100032
0.000000172,3.2E-05,0,0,0.025,0.025,0.05,0.05,0.150032
0.000000659,3.2E-05,0,1,0.025,0.025,0.05,0.05,1.150032
0.000000257,3.2E-05,1,0,0.025,0.025,0.05,0.05,1.150032
0.999936794,3.2E-05,0,0,0,0,0,0,3.2E-05
