Width,Precaution,TLHarm,TNLHarm,File,Answer,Bargain,Trial,Total
0.000000082,2E-05,0,1,0.1,0.1,0.2,0.2,1.60002
0.000000024,2E-05,1,0,0.1,0.1,0.2,0.2,1.60002
0.000000243,2E-05,0,1,0.1,0,0,0,1.10002
0.000000290,2E-05,1,0,0.1,0,0,0,1.10002
0.391848249,2E-05,0,0,0,0,0,0,2E-05
0.000028856,2E-05,0,1,0,0,0,0,1.00002
0.000000684,2E-05,1,0,0,0,0,0,1.00002
0.608088281,3E-05,0,0,0,0,0,0,3E-05
0.000022670,3E-05,0,1,0,0,0,0,1.00003
0.000010622,3E-05,1,0,0,0,0,0,1.00003
