Width,Precaution,TLHarm,TNLHarm,File,Answer,Bargain,Trial,Total
0.000000069,3.6E-05,0,1,0.1,0.1,0.2,0,1.400036
0.000000021,3.6E-05,1,0,0.1,0.1,0.2,0,1.400036
0.176185619,3.6E-05,0,0,0,0,0,0,3.6E-05
0.000012492,3.6E-05,0,1,0,0,0,0,1.000036
0.000000048,3.6E-05,1,0,0,0,0,0,1.000036
0.823760375,4.8E-05,0,0,0,0,0,0,4.8E-05
0.000041375,4.8E-05,0,1,0,0,0,0,1.000048
