Width,Precaution,TLHarm,TNLHarm,File,Answer,Bargain,Trial,Total
0.000000079,2.4E-05,0,0,0.1,0.1,0.2,0,0.400024
0.000000468,2.4E-05,0,1,0.1,0.1,0.2,0,1.400024
0.000000064,2.4E-05,1,0,0.1,0.1,0.2,0,1.400024
0.000000103,2.4E-05,0,1,0.1,0.1,0.2,0.2,1.600024
0.391848219,2.4E-05,0,0,0,0,0,0,2.4E-05
0.000029491,2.4E-05,0,1,0,0,0,0,1.000024
0.000000048,2.4E-05,1,0,0,0,0,0,1.000024
0.608088234,3.6E-05,0,0,0,0,0,0,3.6E-05
0.000033293,3.6E-05,0,1,0,0,0,0,1.000036
