Width,Precaution,TLHarm,TNLHarm,File,Answer,Bargain,Trial,Total
0.000008807,3.2E-05,0,0,0.025,0.025,0.05,0,0.100032
0.000033226,3.2E-05,0,1,0.025,0.025,0.05,0,1.100032
0.000014208,3.2E-05,1,0,0.025,0.025,0.05,0,1.100032
0.000001192,3.2E-05,0,0,0.025,0.025,0.05,0.05,0.150032
0.000002859,3.2E-05,0,1,0.025,0.025,0.05,0.05,1.150032
0.000002913,3.2E-05,1,0,0.025,0.025,0.05,0.05,1.150032
0.999936794,3.2E-05,0,0,0,0,0,0,3.2E-05
