Width,Precaution,TLHarm,TNLHarm,File,Answer,Bargain,Trial,Total
0.000003918,0,0,0,0.4,0,0,0,0.4
0.000039188,0,1,0,0.4,0,0,0,1.4
0.391835300,0,0,0,0,0,0,0,0
0.000004319,8E-06,0,0,0.4,0,0,0,0.400008
0.000035759,8E-06,1,0,0.4,0,0,0,1.400008
0.431883291,8E-06,0,0,0,0,0,0,8E-06
0.000001762,1.6E-05,0,0,0.4,0,0,0,0.400016
0.000011140,1.6E-05,1,0,0.4,0,0,0,1.400016
0.176185323,1.6E-05,0,0,0,0,0,0,1.6E-05
