Width,Precaution,TLHarm,TNLHarm,File,Answer,Bargain,Trial,Total
0.000006541,2.4E-05,0,0,0.1,0.1,0.2,0,0.400024
0.000046885,2.4E-05,0,1,0.1,0.1,0.2,0,1.400024
0.000001720,2.4E-05,1,0,0.1,0.1,0.2,0,1.400024
0.726270387,2.4E-05,0,0,0,0,0,0,2.4E-05
0.000002535,2.4E-05,0,1,0,0,0,0,1.000024
0.000002121,2.4E-05,1,0,0,0,0,0,1.000024
0.000002737,3.6E-05,0,0,0.1,0.1,0.2,0,0.400036
0.000013934,3.6E-05,0,1,0.1,0.1,0.2,0,1.400036
0.273653141,3.6E-05,0,0,0,0,0,0,3.6E-05
