Width,Precaution,TLHarm,TNLHarm,File,Answer,Bargain,Trial,Total
0.000007426,3.2E-05,0,0,0.025,0.025,0.05,0,0.100032
0.000026289,3.2E-05,0,1,0.025,0.025,0.05,0,1.100032
0.000013251,3.2E-05,1,0,0.025,0.025,0.05,0,1.100032
0.000002573,3.2E-05,0,0,0.025,0.025,0.05,0.05,0.150032
0.000009797,3.2E-05,0,1,0.025,0.025,0.05,0.05,1.150032
0.000003870,3.2E-05,1,0,0.025,0.025,0.05,0.05,1.150032
0.999936794,3.2E-05,0,0,0,0,0,0,3.2E-05
