Width,Precaution,TLHarm,TNLHarm,File,Answer,Bargain,Trial,Total
0.000009999,0,0,0,0.4,0,0,0,0.4
0.000020661,0,0,1,0.4,0,0,0,1.4
0.000079339,0,1,0,0.4,0,0,0,1.4
0.999890001,0,0,0,0,0,0,0,0
