Width,Precaution,TLHarm,TNLHarm,File,Answer,Bargain,Trial,Total
0.000000222,2.4E-05,0,0,0.1,0.1,0.2,0.2,0.600024
0.000000906,2.4E-05,0,1,0.1,0.1,0.2,0.2,1.600024
0.000000412,2.4E-05,1,0,0.1,0.1,0.2,0.2,1.600024
0.391851128,2.4E-05,0,0,0,0,0,0,2.4E-05
0.000025349,2.4E-05,0,1,0,0,0,0,1.000024
0.000000467,2.4E-05,1,0,0,0,0,0,1.000024
0.608093457,3.2E-05,0,0,0,0,0,0,3.2E-05
0.000028059,3.2E-05,0,1,0,0,0,0,1.000032
