Width,Precaution,TLHarm,TNLHarm,File,Answer,Bargain,Trial,Total
0.000000094,3E-05,0,0,0.2,0.2,0.4,0.4,1.20003
0.000000263,3E-05,0,1,0.2,0.2,0.4,0.4,2.20003
0.000000268,3E-05,1,0,0.2,0.2,0.4,0.4,2.20003
0.391851256,3E-05,0,0,0,0,0,0,3E-05
0.000025973,3E-05,0,1,0,0,0,0,1.00003
0.000000630,3E-05,1,0,0,0,0,0,1.00003
0.608093457,4E-05,0,0,0,0,0,0,4E-05
0.000028059,4E-05,0,1,0,0,0,0,1.00004
