Width,Precaution,TLHarm,TNLHarm,File,Answer,Bargain,Trial,Total
0.000005300,1E-05,0,0,0.025,0.025,0.05,0,0.10001
0.000046847,1E-05,0,1,0.025,0.025,0.05,0,1.10001
0.000001625,1E-05,1,0,0.025,0.025,0.05,0,1.10001
0.530016824,1E-05,0,0,0,0,0,0,1E-05
0.000004699,2E-05,0,0,0.025,0.025,0.05,0,0.10002
0.000026225,2E-05,0,1,0.025,0.025,0.05,0,1.10002
0.000009922,2E-05,1,0,0.025,0.025,0.05,0,1.10002
0.469888558,2E-05,0,0,0,0,0,0,2E-05
