Width,Precaution,TLHarm,TNLHarm,File,Answer,Bargain,Trial,Total
0.793100812,3E-05,0,0,0,0,0,0,3E-05
0.000048385,3E-05,0,1,0,0,0,0,1.00003
0.000010149,3E-05,1,0,0,0,0,0,1.00003
0.191181380,4E-05,0,0,0,0,0,0,4E-05
0.000011211,4E-05,0,1,0,0,0,0,1.00004
0.015647323,5E-05,0,0,0,0,0,0,5E-05
0.000000740,5E-05,0,1,0,0,0,0,1.00005
