Width,Precaution,TLHarm,TNLHarm,File,Answer,Bargain,Trial,Total
0.000006211,1.2E-05,0,0,0.025,0.025,0.05,0,0.100012
0.000053298,1.2E-05,0,1,0.025,0.025,0.05,0,1.100012
0.000003296,1.2E-05,1,0,0.025,0.025,0.05,0,1.100012
0.621136340,1.2E-05,0,0,0,0,0,0,1.2E-05
0.000003788,2.4E-05,0,0,0.025,0.025,0.05,0,0.100024
0.000019495,2.4E-05,0,1,0.025,0.025,0.05,0,1.100024
0.000009424,2.4E-05,1,0,0.025,0.025,0.05,0,1.100024
0.378768147,2.4E-05,0,0,0,0,0,0,2.4E-05
