Width,Precaution,TLHarm,TNLHarm,File,Answer,Bargain,Trial,Total
0.000003305,4E-05,0,0,0.025,0.025,0.05,0,0.10004
0.000024164,4E-05,0,1,0.025,0.025,0.05,0,1.10004
0.000000208,4E-05,1,0,0.025,0.025,0.05,0,1.10004
0.000000059,4E-05,0,1,0.025,0.025,0.05,0.05,1.15004
0.331512967,4E-05,0,0,0,0,0,0,4E-05
0.000006684,5E-05,0,0,0.025,0.025,0.05,0,0.10005
0.000029944,5E-05,0,1,0.025,0.025,0.05,0,1.10005
0.000006405,5E-05,1,0,0.025,0.025,0.05,0,1.10005
0.668416264,5E-05,0,0,0,0,0,0,5E-05
