Width,Precaution,TLHarm,TNLHarm,File,Answer,Bargain,Trial,Total
0.795919934,2E-05,0,0,0,0,0,0,2E-05
0.000048865,2E-05,0,1,0,0,0,0,1.00002
0.000016216,2E-05,1,0,0,0,0,0,1.00002
0.204001596,3E-05,0,0,0,0,0,0,3E-05
0.000004759,3E-05,0,1,0,0,0,0,1.00003
0.000008630,3E-05,1,0,0,0,0,0,1.00003
