Width,Precaution,TLHarm,TNLHarm,File,Answer,Bargain,Trial,Total
0.284437301,1E-05,0,0,0,0,0,0,1E-05
0.000024673,1E-05,0,1,0,0,0,0,1.00001
0.000001575,1E-05,1,0,0,0,0,0,1.00001
0.715480173,2E-05,0,0,0,0,0,0,2E-05
0.000027618,2E-05,0,1,0,0,0,0,1.00002
0.000028659,2E-05,1,0,0,0,0,0,1.00002
