Width,Precaution,TLHarm,TNLHarm,File,Answer,Bargain,Trial,Total
0.000004662,2E-05,0,0,0.025,0.025,0.05,0,0.10002
0.000037039,2E-05,0,1,0.025,0.025,0.05,0,1.10002
0.000002259,2E-05,1,0,0.025,0.025,0.05,0,1.10002
0.466218472,2E-05,0,0,0,0,0,0,2E-05
0.000005337,3E-05,0,0,0.025,0.025,0.05,0,0.10003
0.000019523,3E-05,0,1,0.025,0.025,0.05,0,1.10003
0.000016592,3E-05,1,0,0.025,0.025,0.05,0,1.10003
0.533696117,3E-05,0,0,0,0,0,0,3E-05
