Width,Precaution,TLHarm,TNLHarm,File,Answer,Bargain,Trial,Total
0.869329029,4E-05,0,0,0,0,0,0,4E-05
0.000044824,4E-05,0,1,0,0,0,0,1.00004
0.130617071,3E-05,0,0,0,0,0,0,3E-05
0.000008658,3E-05,0,1,0,0,0,0,1.00003
0.000000210,3E-05,1,0,0,0,0,0,1.00003
0.000000031,3E-05,0,0,0.4,0,0,0,0.40003
0.000000088,3E-05,0,1,0.4,0,0,0,1.40003
0.000000089,3E-05,1,0,0.4,0,0,0,1.40003
