Width,Precaution,TLHarm,TNLHarm,File,Answer,Bargain,Trial,Total
0.000000397,3E-05,0,0,0.4,0,0,0,0.40003
0.000002261,3E-05,0,1,0.4,0,0,0,1.40003
0.000000284,3E-05,1,0,0.4,0,0,0,1.40003
0.130616853,3E-05,0,0,0,0,0,0,3E-05
0.000006484,3E-05,0,1,0,0,0,0,1.00003
0.000000016,3E-05,1,0,0,0,0,0,1.00003
0.869328881,4E-05,0,0,0,0,0,0,4E-05
0.000044824,4E-05,0,1,0,0,0,0,1.00004
