Width,Precaution,TLHarm,TNLHarm,File,Answer,Bargain,Trial,Total
0.000008693,4E-05,0,0,0.1,0.1,0.2,0,0.40004
0.000044824,4E-05,0,1,0.1,0.1,0.2,0,1.40004
0.869320346,4E-05,0,0,0,0,0,0,4E-05
0.000001301,3E-05,0,0,0.1,0.1,0.2,0,0.40003
0.000008722,3E-05,0,1,0.1,0.1,0.2,0,1.40003
0.000000292,3E-05,1,0,0.1,0.1,0.2,0,1.40003
0.000000023,3E-05,0,1,0.1,0.1,0.2,0.2,1.60003
0.130615798,3E-05,0,0,0,0,0,0,3E-05
