Width,Precaution,TLHarm,TNLHarm,File,Answer,Bargain,Trial,Total
0.000003333,0,0,0,0.4,0,0,0,0.4
0.000007173,0,0,1,0.4,0,0,0,1.4
0.000026161,0,1,0,0.4,0,0,0,1.4
0.333296734,0,0,0,0,0,0,0,0
0.666626316,3E-05,0,0,0,0,0,0,3E-05
0.000033138,3E-05,0,1,0,0,0,0,1.00003
0.000007146,3E-05,1,0,0,0,0,0,1.00003
