Width,Precaution,TLHarm,TNLHarm,File,Answer,Bargain,Trial,Total
0.000000079,3E-05,0,0,0.1,0.1,0.2,0.2,0.60003
0.000000379,3E-05,0,1,0.1,0.1,0.2,0.2,1.60003
0.000000147,3E-05,1,0,0.1,0.1,0.2,0.2,1.60003
0.058728599,3E-05,0,0,0,0,0,0,3E-05
0.000003566,3E-05,0,1,0,0,0,0,1.00003
0.000000118,3E-05,1,0,0,0,0,0,1.00003
0.941217850,4E-05,0,0,0,0,0,0,4E-05
0.000040621,4E-05,0,1,0,0,0,0,1.00004
0.000008642,4E-05,1,0,0,0,0,0,1.00004
