Width,Precaution,TLHarm,TNLHarm,File,Answer,Bargain,Trial,Total
0.463929003,3E-05,0,0,0,0,0,0,3E-05
0.000025902,3E-05,0,1,0,0,0,0,1.00003
0.000004590,3E-05,1,0,0,0,0,0,1.00003
0.536015044,4E-05,0,0,0,0,0,0,4E-05
0.000025461,4E-05,0,1,0,0,0,0,1.00004
