Width,Precaution,TLHarm,TNLHarm,File,Answer,Bargain,Trial,Total
0.000003333,0,0,0,0.1,0,0,0,0.1
0.000033333,0,1,0,0.1,0,0,0,1.1
0.333296667,0,0,0,0,0,0,0,0
0.000000036,3E-05,0,0,0.1,0.1,0.2,0.2,0.60003
0.000000110,3E-05,0,1,0.1,0.1,0.2,0.2,1.60003
0.000000096,3E-05,1,0,0.1,0.1,0.2,0.2,1.60003
0.189345653,3E-05,0,0,0,0,0,0,3E-05
0.000012821,3E-05,0,1,0,0,0,0,1.00003
0.000000227,3E-05,1,0,0,0,0,0,1.00003
0.477284578,4E-05,0,0,0,0,0,0,4E-05
0.000023145,4E-05,0,1,0,0,0,0,1.00004
