Width,Precaution,TLHarm,TNLHarm,File,Answer,Bargain,Trial,Total
0.000003333,0,0,0,0.1,0,0,0,0.1
0.000033333,0,1,0,0.1,0,0,0,1.1
0.333296667,0,0,0,0,0,0,0,0
0.000000065,3E-05,0,0,0.1,0.1,0.2,0.2,0.60003
0.000000135,3E-05,0,1,0.1,0.1,0.2,0.2,1.60003
0.000000224,3E-05,1,0,0.1,0.1,0.2,0.2,1.60003
0.211777307,3E-05,0,0,0,0,0,0,3E-05
0.000013747,3E-05,0,1,0,0,0,0,1.00003
0.000000500,3E-05,1,0,0,0,0,0,1.00003
0.454852734,4E-05,0,0,0,0,0,0,4E-05
0.000021953,4E-05,0,1,0,0,0,0,1.00004
