Width,Precaution,TLHarm,TNLHarm,File,Answer,Bargain,Trial,Total
0.000003333,4E-05,0,0,0.4,0,0,0,0.40004
0.000017736,4E-05,0,1,0.4,0,0,0,1.40004
0.333312265,4E-05,0,0,0,0,0,0,4E-05
0.000006666,0,0,0,0.4,0,0,0,0.4
0.000066667,0,1,0,0.4,0,0,0,1.4
0.666593334,0,0,0,0,0,0,0,0
