Width,Precaution,TLHarm,TNLHarm,File,Answer,Bargain,Trial,Total
0.769912312,1E-05,0,0,0,0,0,0,1E-05
0.000061157,1E-05,0,1,0,0,0,0,1.00001
0.000008567,1E-05,1,0,0,0,0,0,1.00001
0.230000584,2E-05,0,0,0,0,0,0,2E-05
0.000009973,2E-05,0,1,0,0,0,0,1.00002
0.000007408,2E-05,1,0,0,0,0,0,1.00002
