Width,Precaution,TLHarm,TNLHarm,File,Answer,Bargain,Trial,Total
0.230000608,3.2E-05,0,0,0,0,0,0,3.2E-05
0.000017045,3.2E-05,0,1,0,0,0,0,1.000032
0.000000068,3.2E-05,0,1,0.05,0.1,0.2,0.15,1.500032
0.000000031,3.2E-05,0,0,0.05,0.1,0.2,0,0.350032
0.000000183,3.2E-05,0,1,0.05,0.1,0.2,0,1.350032
0.000000013,3.2E-05,1,0,0.05,0.1,0.2,0,1.350032
0.769939082,4E-05,0,0,0,0,0,0,4E-05
0.000036528,4E-05,0,1,0,0,0,0,1.00004
0.000006443,4E-05,1,0,0,0,0,0,1.00004
