Width,Precaution,TLHarm,TNLHarm,File,Answer,Bargain,Trial,Total
0.365086687,0,0,0,0,0,0,0,0
0.000030038,0,0,1,0,0,0,0,1
0.000000126,0,1,0,0,0,0,0,1
0.000000366,0,0,0,0.05,0.1,0.2,0.15,0.5
0.000003144,0,0,1,0.05,0.1,0.2,0.15,1.5
0.000000520,0,1,0,0.05,0.1,0.2,0.15,1.5
0.000000268,0,0,0,0.05,0.1,0.2,0,0.35
0.000002332,0,0,1,0.05,0.1,0.2,0,1.35
0.000000353,0,1,0,0.05,0.1,0.2,0,1.35
0.634826636,2E-05,0,0,0,0,0,0,2E-05
0.000039262,2E-05,0,1,0,0,0,0,1.00002
0.000010267,2E-05,1,0,0,0,0,0,1.00002
