Width,Precaution,TLHarm,TNLHarm,File,Answer,Bargain,Trial,Total
0.999940600,5E-05,0,0,0,0,0,0,5E-05
0.000052955,5E-05,0,1,0,0,0,0,1.00005
0.000006445,5E-05,1,0,0,0,0,0,1.00005
