Width,Precaution,TLHarm,TNLHarm,File,Answer,Bargain,Trial,Total
0.769912312,1.2E-05,0,0,0,0,0,0,1.2E-05
0.000061157,1.2E-05,0,1,0,0,0,0,1.000012
0.000008567,1.2E-05,1,0,0,0,0,0,1.000012
0.230000584,2.4E-05,0,0,0,0,0,0,2.4E-05
0.000009973,2.4E-05,0,1,0,0,0,0,1.000024
0.000007408,2.4E-05,1,0,0,0,0,0,1.000024
