Width,Precaution,TLHarm,TNLHarm,File,Answer,Bargain,Trial,Total
0.769924582,3E-05,0,0,0,0,0,0,3E-05
0.000050897,3E-05,0,1,0,0,0,0,1.00003
0.000006557,3E-05,1,0,0,0,0,0,1.00003
0.230005158,4E-05,0,0,0,0,0,0,4E-05
0.000012806,4E-05,0,1,0,0,0,0,1.00004
