Width,Precaution,TLHarm,TNLHarm,File,Answer,Bargain,Trial,Total
0.000008187,3E-05,0,0,0.0125,0.025,0.05,0,0.08753
0.000052041,3E-05,0,1,0.0125,0.025,0.05,0,1.08753
0.000008615,3E-05,1,0,0.0125,0.025,0.05,0,1.08753
0.818703930,3E-05,0,0,0,0,0,0,3E-05
0.000001812,4E-05,0,0,0.0125,0.025,0.05,0,0.08754
0.000010050,4E-05,0,1,0.0125,0.025,0.05,0,1.08754
0.181215364,4E-05,0,0,0,0,0,0,4E-05
