Width,Precaution,TLHarm,TNLHarm,File,Answer,Bargain,Trial,Total
0.365086687,0,0,0,0,0,0,0,0
0.000026671,0,0,1,0,0,0,0,1
0.000003492,0,1,0,0,0,0,0,1
0.000000635,0,0,0,0.05,0.1,0.2,0.15,0.5
0.000002363,0,0,1,0.05,0.1,0.2,0.15,1.5
0.000003986,0,1,0,0.05,0.1,0.2,0.15,1.5
0.634832582,3E-05,0,0,0,0,0,0,3E-05
0.000026503,3E-05,0,1,0,0,0,0,1.00003
0.000017081,3E-05,1,0,0,0,0,0,1.00003
