Width,Precaution,TLHarm,TNLHarm,File,Answer,Bargain,Trial,Total
0.000005705,3E-05,0,0,0.1,0.1,0.2,0,0.40003
0.000037683,3E-05,0,1,0.1,0.1,0.2,0,1.40003
0.000000482,3E-05,1,0,0.1,0.1,0.2,0,1.40003
0.000000376,3E-05,0,0,0.1,0.1,0.2,0.2,0.60003
0.000001383,3E-05,0,1,0.1,0.1,0.2,0.2,1.60003
0.000000618,3E-05,1,0,0.1,0.1,0.2,0.2,1.60003
0.608075270,3E-05,0,0,0,0,0,0,3E-05
0.000003919,4E-05,0,0,0.1,0.1,0.2,0,0.40004
0.000016574,4E-05,0,1,0.1,0.1,0.2,0,1.40004
0.391857991,4E-05,0,0,0,0,0,0,4E-05
