Width,Precaution,TLHarm,TNLHarm,File,Answer,Bargain,Trial,Total
0.104179843,3E-05,0,0,0,0,0,0,3E-05
0.000007427,3E-05,0,1,0,0,0,0,1.00003
0.000000042,3E-05,1,0,0,0,0,0,1.00003
0.895766478,4E-05,0,0,0,0,0,0,4E-05
0.000046211,4E-05,0,1,0,0,0,0,1.00004
