Width,Precaution,TLHarm,TNLHarm,File,Answer,Bargain,Trial,Total
0.335366614,3E-05,0,0,0,0,0,0,3E-05
0.000020400,3E-05,0,1,0,0,0,0,1.00003
0.000002087,3E-05,1,0,0,0,0,0,1.00003
0.664578308,4E-05,0,0,0,0,0,0,4E-05
0.000032591,4E-05,0,1,0,0,0,0,1.00004
