Width,Precaution,TLHarm,TNLHarm,File,Answer,Bargain,Trial,Total
0.000009986,4E-05,0,0,0.025,0.025,0.05,0,0.10004
0.000044505,4E-05,0,1,0.025,0.025,0.05,0,1.10004
0.000008635,4E-05,1,0,0.025,0.025,0.05,0,1.10004
0.000000060,4E-05,0,1,0.025,0.025,0.05,0.05,1.15004
0.999936815,4E-05,0,0,0,0,0,0,4E-05
