Width,Precaution,TLHarm,TNLHarm,File,Answer,Bargain,Trial,Total
0.000005806,3E-05,0,0,0.1,0.1,0.2,0,0.40003
0.000035848,3E-05,0,1,0.1,0.1,0.2,0,1.40003
0.000002039,3E-05,1,0,0.1,0.1,0.2,0,1.40003
0.580641182,3E-05,0,0,0,0,0,0,3E-05
0.000004193,4E-05,0,0,0.1,0.1,0.2,0,0.40004
0.000018817,4E-05,0,1,0.1,0.1,0.2,0,1.40004
0.419292116,4E-05,0,0,0,0,0,0,4E-05
