Width,Precaution,TLHarm,TNLHarm,File,Answer,Bargain,Trial,Total
0.000001678,3E-05,0,0,0.1,0.1,0.2,0,0.40003
0.000012070,3E-05,0,1,0.1,0.1,0.2,0,1.40003
0.000000023,3E-05,1,0,0.1,0.1,0.2,0,1.40003
0.000000084,3E-05,0,0,0.1,0.1,0.2,0.2,0.60003
0.000000490,3E-05,0,1,0.1,0.1,0.2,0.2,1.60003
0.000000048,3E-05,1,0,0.1,0.1,0.2,0.2,1.60003
0.176183870,3E-05,0,0,0,0,0,0,3E-05
0.000008238,4E-05,0,0,0.1,0.1,0.2,0,0.40004
0.000041375,4E-05,0,1,0.1,0.1,0.2,0,1.40004
0.823752125,4E-05,0,0,0,0,0,0,4E-05
