Width,Precaution,TLHarm,TNLHarm,File,Answer,Bargain,Trial,Total
0.000008583,3E-05,0,0,0.025,0.025,0.05,0,0.10003
0.000046366,3E-05,0,1,0.025,0.025,0.05,0,1.10003
0.000006848,3E-05,1,0,0.025,0.025,0.05,0,1.10003
0.858321992,3E-05,0,0,0,0,0,0,3E-05
0.000001416,4E-05,0,0,0.025,0.025,0.05,0,0.10004
0.000005850,4E-05,0,1,0.025,0.025,0.05,0,1.10004
0.141608945,4E-05,0,0,0,0,0,0,4E-05
