Width,Precaution,TLHarm,TNLHarm,File,Answer,Bargain,Trial,Total
0.000007547,3.6E-05,0,0,0.1,0.1,0.2,0,0.400036
0.000042622,3.6E-05,0,1,0.1,0.1,0.2,0,1.400036
0.000004963,3.6E-05,1,0,0.1,0.1,0.2,0,1.400036
0.754660855,3.6E-05,0,0,0,0,0,0,3.6E-05
0.000002453,4.8E-05,0,0,0.1,0.1,0.2,0,0.400048
0.000010575,4.8E-05,0,1,0.1,0.1,0.2,0,1.400048
0.245270986,4.8E-05,0,0,0,0,0,0,4.8E-05
