Width,Precaution,TLHarm,TNLHarm,File,Answer,Bargain,Trial,Total
0.000009975,3.2E-05,0,0,0.025,0.025,0.05,0,0.100032
0.000044459,3.2E-05,0,1,0.025,0.025,0.05,0,1.100032
0.000008630,3.2E-05,1,0,0.025,0.025,0.05,0,1.100032
0.000000105,3.2E-05,0,1,0.025,0.025,0.05,0.05,1.150032
0.000000012,3.2E-05,1,0,0.025,0.025,0.05,0.05,1.150032
0.999936818,3.2E-05,0,0,0,0,0,0,3.2E-05
