Width,Precaution,TLHarm,TNLHarm,File,Answer,Bargain,Trial,Total
0.000009689,3.6E-05,0,0,0.025,0.025,0.05,0,0.100036
0.000049185,3.6E-05,0,1,0.025,0.025,0.05,0,1.100036
0.000009707,3.6E-05,1,0,0.025,0.025,0.05,0,1.100036
0.968924679,3.6E-05,0,0,0,0,0,0,3.6E-05
0.000000310,4.8E-05,0,0,0.025,0.025,0.05,0,0.100048
0.000001223,4.8E-05,0,1,0.025,0.025,0.05,0,1.100048
0.031005207,4.8E-05,0,0,0,0,0,0,4.8E-05
