Width,Precaution,TLHarm,TNLHarm,File,Answer,Bargain,Trial,Total
0.808251622,3E-05,0,0,0,0,0,0,3E-05
0.000031774,3E-05,0,1,0,0,0,0,1.00003
0.000017006,3E-05,1,0,0,0,0,0,1.00003
0.191689320,4E-05,0,0,0,0,0,0,4E-05
0.000010278,4E-05,0,1,0,0,0,0,1.00004
