Width,Precaution,TLHarm,TNLHarm,File,Answer,Bargain,Trial,Total
0.634812624,0,0,0,0,0,0,0,0
0.000036833,0,0,1,0,0,0,0,1
0.000026655,0,1,0,0,0,0,0,1
0.365091909,1E-05,0,0,0,0,0,0,1E-05
0.000002691,1E-05,0,1,0,0,0,0,1.00001
0.000029288,1E-05,1,0,0,0,0,0,1.00001
