Width,Precaution,TLHarm,TNLHarm,File,Answer,Bargain,Trial,Total
0.769905038,0,0,0,0,0,0,0,0
0.000059221,0,0,1,0,0,0,0,1
0.000017778,0,1,0,0,0,0,0,1
0.229997896,1E-05,0,0,0,0,0,0,1E-05
0.000005727,1E-05,0,1,0,0,0,0,1.00001
0.000014341,1E-05,1,0,0,0,0,0,1.00001
