Width,Precaution,TLHarm,TNLHarm,File,Answer,Bargain,Trial,Total
0.634823366,2E-05,0,0,0,0,0,0,2E-05
0.000045754,2E-05,0,1,0,0,0,0,1.00002
0.000006992,2E-05,1,0,0,0,0,0,1.00002
0.365099785,3E-05,0,0,0,0,0,0,3E-05
0.000009580,3E-05,0,1,0,0,0,0,1.00003
0.000014523,3E-05,1,0,0,0,0,0,1.00003
