Width,Precaution,TLHarm,TNLHarm,File,Answer,Bargain,Trial,Total
0.499957951,2E-05,0,0,0,0,0,0,2E-05
0.000039304,2E-05,0,1,0,0,0,0,1.00002
0.000002745,2E-05,1,0,0,0,0,0,1.00002
0.499966377,3E-05,0,0,0,0,0,0,3E-05
0.000017194,3E-05,0,1,0,0,0,0,1.00003
0.000016429,3E-05,1,0,0,0,0,0,1.00003
