Width,Precaution,TLHarm,TNLHarm,File,Answer,Bargain,Trial,Total
0.000000054,0,0,0,0.1,0.1,0.2,0,0.4
0.000000488,0,0,1,0.1,0.1,0.2,0,1.4
0.000000047,0,1,0,0.1,0.1,0.2,0,1.4
0.000000065,0,0,0,0.1,0.1,0.2,0.2,0.6
0.000000555,0,0,1,0.1,0.1,0.2,0.2,1.6
0.000000095,0,1,0,0.1,0.1,0.2,0.2,1.6
0.229994952,0,0,0,0,0,0,0,0
0.000021753,0,0,1,0,0,0,0,1
0.000000064,0,1,0,0,0,0,0,1
0.769921095,2E-05,0,0,0,0,0,0,2E-05
0.000050537,2E-05,0,1,0,0,0,0,1.00002
0.000010296,2E-05,1,0,0,0,0,0,1.00002
