Width,Precaution,TLHarm,TNLHarm,File,Answer,Bargain,Trial,Total
0.000000041,3E-05,0,0,0.1,0.1,0.2,0.2,0.60003
0.000000147,3E-05,0,1,0.1,0.1,0.2,0.2,1.60003
0.000000148,3E-05,1,0,0.1,0.1,0.2,0.2,1.60003
0.229999603,3E-05,0,0,0,0,0,0,3E-05
0.000017639,3E-05,0,1,0,0,0,0,1.00003
0.000000495,3E-05,1,0,0,0,0,0,1.00003
0.769938957,5E-05,0,0,0,0,0,0,5E-05
0.000036528,5E-05,0,1,0,0,0,0,1.00005
0.000006443,5E-05,1,0,0,0,0,0,1.00005
