Width,Precaution,TLHarm,TNLHarm,File,Answer,Bargain,Trial,Total
0.000000065,3E-05,0,1,0.1,0.1,0.2,0.2,1.60003
0.000000008,3E-05,1,0,0.1,0.1,0.2,0.2,1.60003
0.229999636,3E-05,0,0,0,0,0,0,3E-05
0.000018338,3E-05,0,1,0,0,0,0,1.00003
0.000000018,3E-05,1,0,0,0,0,0,1.00003
0.769933932,4E-05,0,0,0,0,0,0,4E-05
0.000048004,4E-05,0,1,0,0,0,0,1.00004
