Width,Precaution,TLHarm,TNLHarm,File,Answer,Bargain,Trial,Total
0.000000358,0,0,0,0.1,0.1,0.2,0,0.4
0.000003485,0,0,1,0.1,0.1,0.2,0,1.4
0.000000099,0,1,0,0.1,0.1,0.2,0,1.4
0.000000041,0,0,0,0.1,0.1,0.2,0.2,0.6
0.000000322,0,0,1,0.1,0.1,0.2,0.2,1.6
0.000000087,0,1,0,0.1,0.1,0.2,0.2,1.6
0.229994671,0,0,0,0,0,0,0,0
0.000018990,0,0,1,0,0,0,0,1
0.000000019,0,1,0,0,0,0,0,1
0.769921095,2.4E-05,0,0,0,0,0,0,2.4E-05
0.000050537,2.4E-05,0,1,0,0,0,0,1.000024
0.000010296,2.4E-05,1,0,0,0,0,0,1.000024
