Width,Precaution,TLHarm,TNLHarm,File,Answer,Bargain,Trial,Total
0.000003617,3E-05,0,0,0.025,0.025,0.05,0,0.10003
0.000028463,3E-05,0,1,0.025,0.025,0.05,0,1.10003
0.000000123,3E-05,1,0,0.025,0.025,0.05,0,1.10003
0.000000185,3E-05,0,1,0.025,0.025,0.05,0.05,1.15003
0.000000054,3E-05,1,0,0.025,0.025,0.05,0.05,1.15003
0.365091426,3E-05,0,0,0,0,0,0,3E-05
0.000006348,4E-05,0,0,0.025,0.025,0.05,0,0.10004
0.000038380,4E-05,0,1,0.025,0.025,0.05,0,1.10004
0.634831405,4E-05,0,0,0,0,0,0,4E-05
