Width,Precaution,TLHarm,TNLHarm,File,Answer,Bargain,Trial,Total
0.391851307,3E-05,0,0,0,0,0,0,3E-05
0.000026236,3E-05,0,1,0,0,0,0,1.00003
0.000000898,3E-05,1,0,0,0,0,0,1.00003
0.608093500,4E-05,0,0,0,0,0,0,4E-05
0.000028059,4E-05,0,1,0,0,0,0,1.00004
