Width,Precaution,TLHarm,TNLHarm,File,Answer,Bargain,Trial,Total
0.000001749,2E-05,0,0,0,0,0.2,0,0.20002
0.000013729,2E-05,0,1,0,0,0.2,0,1.20002
0.000000055,2E-05,1,0,0,0,0.2,0,1.20002
0.000000016,2E-05,0,1,0,0,0.2,0.4,1.60002
0.176182636,2E-05,0,0,0,0,0,0,2E-05
0.000000055,2E-05,0,1,0,0,0,0,1.00002
0.000000016,2E-05,1,0,0,0,0,0,1.00002
0.000008238,3E-05,0,0,0,0,0.2,0,0.20003
0.000037080,3E-05,0,1,0,0,0.2,0,1.20003
0.000010716,3E-05,1,0,0,0,0.2,0,1.20003
0.823745711,3E-05,0,0,0,0,0,0,3E-05
