Width,Precaution,TLHarm,TNLHarm,File,Answer,Bargain,Trial,Total
0.000006081,3E-05,0,0,0,0,0.2,0,0.20003
0.000035396,3E-05,0,1,0,0,0.2,0,1.20003
0.000004770,3E-05,1,0,0,0,0.2,0,1.20003
0.999933493,3E-05,0,0,0,0,0,0,3E-05
0.000004158,3E-05,0,1,0,0,0,0,1.00003
0.000016103,3E-05,1,0,0,0,0,0,1.00003
