Width,Precaution,TLHarm,TNLHarm,File,Answer,Bargain,Trial,Total
0.000004114,3E-05,0,0,0,0,0.2,0,0.20003
0.000027343,3E-05,0,1,0,0,0.2,0,1.20003
0.000001035,3E-05,1,0,0,0,0.2,0,1.20003
0.425048899,3E-05,0,0,0,0,0,0,3E-05
0.000000299,3E-05,0,1,0,0,0,0,1.00003
0.000000457,3E-05,1,0,0,0,0,0,1.00003
0.000005749,4E-05,0,0,0,0,0.2,0,0.20004
0.000026296,4E-05,0,1,0,0,0.2,0,1.20004
0.574885808,4E-05,0,0,0,0,0,0,4E-05
