Width,Precaution,TLHarm,TNLHarm,File,Answer,Bargain,Trial,Total
0.000004889,3E-05,0,0,0,0,0.05,0,0.05003
0.000032097,3E-05,0,1,0,0,0.05,0,1.05003
0.000001333,3E-05,1,0,0,0,0.05,0,1.05003
0.000001192,3E-05,0,0,0,0,0.05,0.1,0.15003
0.000003299,3E-05,0,1,0,0,0.05,0.1,1.15003
0.000003437,3E-05,1,0,0,0,0.05,0.1,1.15003
0.608075313,3E-05,0,0,0,0,0,0,3E-05
0.000003919,4E-05,0,0,0,0,0.05,0,0.05004
0.000016574,4E-05,0,1,0,0,0.05,0,1.05004
0.391857948,4E-05,0,0,0,0,0,0,4E-05
