Width,Precaution,TLHarm,TNLHarm,File,Answer,Bargain,Trial,Total
0.000003883,3E-05,0,0,0,0,0.05,0,0.05003
0.000026137,3E-05,0,1,0,0,0.05,0,1.05003
0.000000797,3E-05,1,0,0,0,0.05,0,1.05003
0.000000099,3E-05,0,1,0,0,0.05,0.1,1.15003
0.000000101,3E-05,1,0,0,0,0.05,0.1,1.15003
0.391847445,3E-05,0,0,0,0,0,0,3E-05
0.000006081,4E-05,0,0,0,0,0.05,0,0.05004
0.000028059,4E-05,0,1,0,0,0.05,0,1.05004
0.608087398,4E-05,0,0,0,0,0,0,4E-05
