Width,Precaution,TLHarm,TNLHarm,File,Answer,Bargain,Trial,Total
0.000004889,3E-05,0,0,0,0,0.2,0,0.20003
0.000032097,3E-05,0,1,0,0,0.2,0,1.20003
0.000001333,3E-05,1,0,0,0,0.2,0,1.20003
0.000001192,3E-05,0,0,0,0,0.2,0.4,0.60003
0.000003299,3E-05,0,1,0,0,0.2,0.4,1.60003
0.000003437,3E-05,1,0,0,0,0.2,0.4,1.60003
0.608075270,3E-05,0,0,0,0,0,0,3E-05
0.000003919,4E-05,0,0,0,0,0.2,0,0.20004
0.000016574,4E-05,0,1,0,0,0.2,0,1.20004
0.391857991,4E-05,0,0,0,0,0,0,4E-05
