Width,Precaution,TLHarm,TNLHarm,File,Answer,Bargain,Trial,Total
0.000005705,3E-05,0,0,0,0,0.2,0,0.20003
0.000034897,3E-05,0,1,0,0,0.2,0,1.20003
0.000003268,3E-05,1,0,0,0,0.2,0,1.20003
0.000000376,3E-05,0,0,0,0,0.2,0.4,0.60003
0.000000499,3E-05,0,1,0,0,0.2,0.4,1.60003
0.000001502,3E-05,1,0,0,0,0.2,0.4,1.60003
0.608075313,3E-05,0,0,0,0,0,0,3E-05
0.000003919,4E-05,0,0,0,0,0.2,0,0.20004
0.000016574,4E-05,0,1,0,0,0.2,0,1.20004
0.391857948,4E-05,0,0,0,0,0,0,4E-05
