Width,Precaution,TLHarm,TNLHarm,File,Answer,Bargain,Trial,Total
0.000009999,3E-05,0,0,0,0,0.2,0,0.20003
0.000039554,3E-05,0,1,0,0,0.2,0,1.20003
0.000020873,3E-05,1,0,0,0,0.2,0,1.20003
0.999929574,3E-05,0,0,0,0,0,0,3E-05
