Width,Precaution,TLHarm,TNLHarm,File,Answer,Bargain,Trial,Total
0.000003827,3E-05,0,0,0.05,0.05,0.1,0,0.20003
0.000025979,3E-05,0,1,0.05,0.05,0.1,0,1.20003
0.000000637,3E-05,1,0,0.05,0.05,0.1,0,1.20003
0.391847523,3E-05,0,0,0,0,0,0,3E-05
0.000000256,3E-05,0,1,0,0,0,0,1.00003
0.000000262,3E-05,1,0,0,0,0,0,1.00003
0.000006081,4E-05,0,0,0.05,0.05,0.1,0,0.20004
0.000028059,4E-05,0,1,0.05,0.05,0.1,0,1.20004
0.608087376,4E-05,0,0,0,0,0,0,4E-05
