Width,Precaution,TLHarm,TNLHarm,File,Answer,Bargain,Trial,Total
0.000000121,3E-05,0,0,0.05,0.05,0.1,0.1,0.30003
0.000000397,3E-05,0,1,0.05,0.05,0.1,0.1,1.30003
0.000000300,3E-05,1,0,0.05,0.05,0.1,0.1,1.30003
0.391851229,3E-05,0,0,0,0,0,0,3E-05
0.000025839,3E-05,0,1,0,0,0,0,1.00003
0.000000598,3E-05,1,0,0,0,0,0,1.00003
0.608093457,4E-05,0,0,0,0,0,0,4E-05
0.000028059,4E-05,0,1,0,0,0,0,1.00004
