Width,Precaution,TLHarm,TNLHarm,File,Answer,Bargain,Trial,Total
0.000004898,3E-05,0,0,0.05,0.05,0.1,0,0.20003
0.000032129,3E-05,0,1,0.05,0.05,0.1,0,1.20003
0.000001355,3E-05,1,0,0.05,0.05,0.1,0,1.20003
0.608076453,3E-05,0,0,0,0,0,0,3E-05
0.000003267,3E-05,0,1,0,0,0,0,1.00003
0.000003415,3E-05,1,0,0,0,0,0,1.00003
0.000003919,4E-05,0,0,0.05,0.05,0.1,0,0.20004
0.000016574,4E-05,0,1,0.05,0.05,0.1,0,1.20004
0.391857991,4E-05,0,0,0,0,0,0,4E-05
