Width,Precaution,TLHarm,TNLHarm,File,Answer,Bargain,Trial,Total
0.000003825,3E-05,0,0,0.1,0.1,0.2,0,0.40003
0.000025973,3E-05,0,1,0.1,0.1,0.2,0,1.40003
0.000000630,3E-05,1,0,0.1,0.1,0.2,0,1.40003
0.391847525,3E-05,0,0,0,0,0,0,3E-05
0.000000263,3E-05,0,1,0,0,0,0,1.00003
0.000000268,3E-05,1,0,0,0,0,0,1.00003
0.000006081,4E-05,0,0,0.1,0.1,0.2,0,0.40004
0.000028059,4E-05,0,1,0.1,0.1,0.2,0,1.40004
0.608087376,4E-05,0,0,0,0,0,0,4E-05
