Width,Precaution,TLHarm,TNLHarm,File,Answer,Bargain,Trial,Total
0.000000720,2.4E-05,0,0,0.1,0.1,0.2,0.2,0.600024
0.000004405,2.4E-05,0,1,0.1,0.1,0.2,0.2,1.600024
0.000000805,2.4E-05,1,0,0.1,0.1,0.2,0.2,1.600024
0.388614356,2.4E-05,0,0,0,0,0,0,2.4E-05
0.000024544,2.4E-05,0,1,0,0,0,0,1.000024
0.000000179,2.4E-05,1,0,0,0,0,0,1.000024
0.611321481,3.6E-05,0,0,0,0,0,0,3.6E-05
0.000022886,3.6E-05,0,1,0,0,0,0,1.000036
0.000010624,3.6E-05,1,0,0,0,0,0,1.000036
