Width,Precaution,TLHarm,TNLHarm,File,Answer,Bargain,Trial,Total
0.000002176,3E-05,0,0,0.025,0.025,0.05,0,0.10003
0.000015185,3E-05,0,1,0.025,0.025,0.05,0,1.10003
0.000000230,3E-05,1,0,0.025,0.025,0.05,0,1.10003
0.217583820,3E-05,0,0,0,0,0,0,3E-05
0.000007824,4E-05,0,0,0.025,0.025,0.05,0,0.10004
0.000038819,4E-05,0,1,0.025,0.025,0.05,0,1.10004
0.782351947,4E-05,0,0,0,0,0,0,4E-05
