Width,Precaution,TLHarm,TNLHarm,File,Answer,Bargain,Trial,Total
0.427676131,3E-05,0,0,0,0,0,0,3E-05
0.000027753,3E-05,0,1,0,0,0,0,1.00003
0.000001540,3E-05,1,0,0,0,0,0,1.00003
0.572268420,4E-05,0,0,0,0,0,0,4E-05
0.000026156,4E-05,0,1,0,0,0,0,1.00004
