Width,Precaution,TLHarm,TNLHarm,File,Answer,Bargain,Trial,Total
0.000000079,3E-05,0,0,0.1,0.1,0.2,0,0.40003
0.000000215,3E-05,0,1,0.1,0.1,0.2,0,1.40003
0.000000226,3E-05,1,0,0.1,0.1,0.2,0,1.40003
0.000000070,3E-05,0,1,0.1,0.1,0.2,0.2,1.60003
0.000000020,3E-05,1,0,0.1,0.1,0.2,0.2,1.60003
0.391851262,3E-05,0,0,0,0,0,0,3E-05
0.000025990,3E-05,0,1,0,0,0,0,1.00003
0.000000614,3E-05,1,0,0,0,0,0,1.00003
0.608093466,4E-05,0,0,0,0,0,0,4E-05
0.000028059,4E-05,0,1,0,0,0,0,1.00004
