Width,Precaution,TLHarm,TNLHarm,File,Answer,Bargain,Trial,Total
0.999939574,3.6E-05,0,0,0,0,0,0,3.6E-05
0.000051026,3.6E-05,0,1,0,0,0,0,1.000036
0.000009401,3.6E-05,1,0,0,0,0,0,1.000036
