Width,Precaution,TLHarm,TNLHarm,File,Answer,Bargain,Trial,Total
0.000000092,3E-05,0,0,0.1,0.1,0.2,0.2,0.60003
0.000000280,3E-05,0,1,0.1,0.1,0.2,0.2,1.60003
0.000000241,3E-05,1,0,0.1,0.1,0.2,0.2,1.60003
0.391851260,3E-05,0,0,0,0,0,0,3E-05
0.000025990,3E-05,0,1,0,0,0,0,1.00003
0.000000614,3E-05,1,0,0,0,0,0,1.00003
0.608093464,4E-05,0,0,0,0,0,0,4E-05
0.000028059,4E-05,0,1,0,0,0,0,1.00004
