Width,Precaution,TLHarm,TNLHarm,File,Answer,Bargain,Trial,Total
0.000003543,4E-05,0,0,0.1,0.1,0.2,0,0.40004
0.000008749,4E-05,0,1,0.1,0.1,0.2,0,1.40004
0.000006160,4E-05,1,0,0.1,0.1,0.2,0,1.40004
0.000000376,4E-05,0,0,0.1,0.1,0.2,0.2,0.60004
0.000001269,4E-05,0,1,0.1,0.1,0.2,0.2,1.60004
0.000000395,4E-05,1,0,0.1,0.1,0.2,0.2,1.60004
0.999942875,4E-05,0,0,0,0,0,0,4E-05
0.000035911,4E-05,0,1,0,0,0,0,1.00004
0.000000721,4E-05,1,0,0,0,0,0,1.00004
