Width,Precaution,TLHarm,TNLHarm,File,Answer,Bargain,Trial,Total
0.000000371,2E-05,0,0,0.1,0.1,0.2,0.2,0.60002
0.000000786,2E-05,0,1,0.1,0.1,0.2,0.2,1.60002
0.000001835,2E-05,1,0,0.1,0.1,0.2,0.2,1.60002
0.364587925,2E-05,0,0,0,0,0,0,2E-05
0.000022494,2E-05,0,1,0,0,0,0,1.00002
0.000003002,2E-05,1,0,0,0,0,0,1.00002
0.635353845,4E-05,0,0,0,0,0,0,4E-05
0.000029742,4E-05,0,1,0,0,0,0,1.00004
