Width,Precaution,TLHarm,TNLHarm,File,Answer,Bargain,Trial,Total
0.000000070,3E-05,0,1,0.1,0.1,0.2,0,1.40003
0.000000020,3E-05,1,0,0.1,0.1,0.2,0,1.40003
0.176185619,3E-05,0,0,0,0,0,0,3E-05
0.000012487,3E-05,0,1,0,0,0,0,1.00003
0.000000053,3E-05,1,0,0,0,0,0,1.00003
0.823760375,4E-05,0,0,0,0,0,0,4E-05
0.000041375,4E-05,0,1,0,0,0,0,1.00004
