Width,Precaution,TLHarm,TNLHarm,File,Answer,Bargain,Trial,Total
0.275334110,3E-05,0,0,0,0,0,0,3E-05
0.000018540,3E-05,0,1,0,0,0,0,1.00003
0.000000661,3E-05,1,0,0,0,0,0,1.00003
0.724611315,4E-05,0,0,0,0,0,0,4E-05
0.000035375,4E-05,0,1,0,0,0,0,1.00004
