Width,Precaution,TLHarm,TNLHarm,File,Answer,Bargain,Trial,Total
0.510994215,3E-05,0,0,0,0,0,0,3E-05
0.000031466,3E-05,0,1,0,0,0,0,1.00003
0.000002848,3E-05,1,0,0,0,0,0,1.00003
0.488949740,4E-05,0,0,0,0,0,0,4E-05
0.000021731,4E-05,0,1,0,0,0,0,1.00004
