Width,Precaution,TLHarm,TNLHarm,File,Answer,Bargain,Trial,Total
0.000003543,3.2E-05,0,0,0.1,0.1,0.2,0,0.400032
0.000008749,3.2E-05,0,1,0.1,0.1,0.2,0,1.400032
0.000006160,3.2E-05,1,0,0.1,0.1,0.2,0,1.400032
0.000000376,3.2E-05,0,0,0.1,0.1,0.2,0.2,0.600032
0.000001269,3.2E-05,0,1,0.1,0.1,0.2,0.2,1.600032
0.000000395,3.2E-05,1,0,0.1,0.1,0.2,0.2,1.600032
0.999942875,3.2E-05,0,0,0,0,0,0,3.2E-05
0.000035911,3.2E-05,0,1,0,0,0,0,1.000032
0.000000721,3.2E-05,1,0,0,0,0,0,1.000032
