Width,Precaution,TLHarm,TNLHarm,File,Answer,Bargain,Trial,Total
0.000000268,0,0,0,0.1,0.1,0.2,0,0.4
0.000001258,0,0,1,0.1,0.1,0.2,0,1.4
0.000001423,0,1,0,0.1,0.1,0.2,0,1.4
0.000000021,0,0,0,0.1,0.1,0.2,0.2,0.6
0.000000155,0,0,1,0.1,0.1,0.2,0.2,1.6
0.000000052,0,1,0,0.1,0.1,0.2,0.2,1.6
0.499949711,0,0,0,0,0,0,0,0
0.000045093,0,0,1,0,0,0,0,1
0.000002019,0,1,0,0,0,0,0,1
0.499961468,2.4E-05,0,0,0,0,0,0,2.4E-05
0.000029526,2.4E-05,0,1,0,0,0,0,1.000024
0.000009006,2.4E-05,1,0,0,0,0,0,1.000024
