Width,Precaution,TLHarm,TNLHarm,File,Answer,Bargain,Trial,Total
0.365092837,2E-05,0,0,0,0,0,0,2E-05
0.000030244,2E-05,0,1,0,0,0,0,1.00002
0.000000807,2E-05,1,0,0,0,0,0,1.00002
0.634832528,3E-05,0,0,0,0,0,0,3E-05
0.000027869,3E-05,0,1,0,0,0,0,1.00003
0.000015714,3E-05,1,0,0,0,0,0,1.00003
