Width,Precaution,TLHarm,TNLHarm,File,Answer,Bargain,Trial,Total
0.102820981,0,0,0,0,0,0,0,0
0.000010250,0,0,1,0,0,0,0,1
0.000000033,0,1,0,0,0,0,0,1
0.897088489,1E-05,0,0,0,0,0,0,1E-05
0.000058566,1E-05,0,1,0,0,0,0,1.00001
0.000021681,1E-05,1,0,0,0,0,0,1.00001
