Width,Precaution,TLHarm,TNLHarm,File,Answer,Bargain,Trial,Total
0.000000118,0,0,0,0.4,0.4,0.8,0,1.6
0.000000767,0,0,1,0.4,0.4,0.8,0,2.6
0.000000418,0,1,0,0.4,0.4,0.8,0,2.6
0.365087257,0,0,0,0,0,0,0,0
0.000034698,0,0,1,0,0,0,0,1
0.000000630,0,1,0,0,0,0,0,1
0.634826582,2E-05,0,0,0,0,0,0,2E-05
0.000040347,2E-05,0,1,0,0,0,0,1.00002
0.000009183,2E-05,1,0,0,0,0,0,1.00002
