Width,Precaution,TLHarm,TNLHarm,File,Answer,Bargain,Trial,Total
0.915242732,2E-05,0,0,0,0,0,0,2E-05
0.000046563,2E-05,0,1,0,0,0,0,1.00002
0.000027113,2E-05,1,0,0,0,0,0,1.00002
0.084677338,3E-05,0,0,0,0,0,0,3E-05
0.000005883,3E-05,0,1,0,0,0,0,1.00003
0.000000371,3E-05,1,0,0,0,0,0,1.00003
