Width,Precaution,TLHarm,TNLHarm,File,Answer,Bargain,Trial,Total
0.999927592,3E-05,0,0,0,0,0,0,3E-05
0.000056520,3E-05,0,1,0,0,0,0,1.00003
0.000015887,3E-05,1,0,0,0,0,0,1.00003
