Width,Precaution,TLHarm,TNLHarm,File,Answer,Bargain,Trial,Total
0.000000099,3E-05,0,1,0.1,0.1,0.2,0,1.40003
0.000000069,3E-05,1,0,0.1,0.1,0.2,0,1.40003
0.000000079,3E-05,0,1,0.1,0.1,0.2,0.2,1.60003
0.000000019,3E-05,1,0,0.1,0.1,0.2,0.2,1.60003
0.499961195,3E-05,0,0,0,0,0,0,3E-05
0.000037843,3E-05,0,1,0,0,0,0,1.00003
0.000000676,3E-05,1,0,0,0,0,0,1.00003
0.499970710,4E-05,0,0,0,0,0,0,4E-05
0.000029309,4E-05,0,1,0,0,0,0,1.00004
