Width,Precaution,TLHarm,TNLHarm,File,Answer,Bargain,Trial,Total
0.000000111,3.2E-05,0,0,0.1,0.1,0.2,0,0.400032
0.000000463,3.2E-05,0,1,0.1,0.1,0.2,0,1.400032
0.000000198,3.2E-05,1,0,0.1,0.1,0.2,0,1.400032
0.499963874,3.2E-05,0,0,0,0,0,0,3.2E-05
0.000034898,3.2E-05,0,1,0,0,0,0,1.000032
0.000000456,3.2E-05,1,0,0,0,0,0,1.000032
0.499974359,4E-05,0,0,0,0,0,0,4E-05
0.000020344,4E-05,0,1,0,0,0,0,1.00004
0.000005297,4E-05,1,0,0,0,0,0,1.00004
