Width,Precaution,TLHarm,TNLHarm,File,Answer,Bargain,Trial,Total
0.000000298,2E-05,0,0,0.4,0.4,0.8,0,1.60002
0.000001870,2E-05,0,1,0.4,0.4,0.8,0,2.60002
0.000000525,2E-05,1,0,0.4,0.4,0.8,0,2.60002
0.365092466,2E-05,0,0,0,0,0,0,2E-05
0.000028374,2E-05,0,1,0,0,0,0,1.00002
0.000000282,2E-05,1,0,0,0,0,0,1.00002
0.134866324,3E-05,0,0,0,0,0,0,3E-05
0.000009369,3E-05,0,1,0,0,0,0,1.00003
0.000000592,3E-05,1,0,0,0,0,0,1.00003
0.499970591,4E-05,0,0,0,0,0,0,4E-05
0.000029309,4E-05,0,1,0,0,0,0,1.00004
