Width,Precaution,TLHarm,TNLHarm,File,Answer,Bargain,Trial,Total
0.000000298,0,0,0,0.4,0.4,0.8,0,1.6
0.000002297,0,0,1,0.4,0.4,0.8,0,2.6
0.000000684,0,1,0,0.4,0.4,0.8,0,2.6
0.000000337,0,0,0,0.4,0,0,0,0.4
0.000001701,0,0,1,0.4,0,0,0,1.4
0.000001667,0,1,0,0.4,0,0,0,1.4
0.499949365,0,0,0,0,0,0,0,0
0.000042509,0,0,1,0,0,0,0,1
0.000001143,0,1,0,0,0,0,0,1
0.499961468,2.4E-05,0,0,0,0,0,0,2.4E-05
0.000029526,2.4E-05,0,1,0,0,0,0,1.000024
0.000009006,2.4E-05,1,0,0,0,0,0,1.000024
