Width,Precaution,TLHarm,TNLHarm,File,Answer,Bargain,Trial,Total
0.634812624,0,0,0,0,0,0,0,0
0.000054654,0,0,1,0,0,0,0,1
0.000008834,0,1,0,0,0,0,0,1
0.365096053,2.4E-05,0,0,0,0,0,0,2.4E-05
0.000019493,2.4E-05,0,1,0,0,0,0,1.000024
0.000008342,2.4E-05,1,0,0,0,0,0,1.000024
