Width,Precaution,TLHarm,TNLHarm,File,Answer,Bargain,Trial,Total
0.000000048,2E-05,0,1,0.1,0.1,0.2,0,1.40002
0.000000007,2E-05,0,1,0.1,0.1,0.2,0.2,1.60002
0.220923771,2E-05,0,0,0,0,0,0,2E-05
0.000017576,2E-05,0,1,0,0,0,0,1.00002
0.584964572,3E-05,0,0,0,0,0,0,3E-05
0.000033219,3E-05,0,1,0,0,0,0,1.00003
0.000001827,3E-05,1,0,0,0,0,0,1.00003
0.194051820,4E-05,0,0,0,0,0,0,4E-05
0.000007161,4E-05,0,1,0,0,0,0,1.00004
