Width,Precaution,TLHarm,TNLHarm,File,Answer,Bargain,Trial,Total
0.600053058,3E-05,0,0,0,0,0,0,3E-05
0.000038616,3E-05,0,1,0,0,0,0,1.00003
0.000001699,3E-05,1,0,0,0,0,0,1.00003
0.399890425,4E-05,0,0,0,0,0,0,4E-05
0.000016201,4E-05,0,1,0,0,0,0,1.00004
