Width,Precaution,TLHarm,TNLHarm,File,Answer,Bargain,Trial,Total
0.000000055,3E-05,0,0,0.4,0.4,0.8,0,1.60003
0.000000009,3E-05,0,1,0.4,0.4,0.8,0,2.60003
0.000000321,3E-05,1,0,0.4,0.4,0.8,0,2.60003
0.399878292,3E-05,0,0,0,0,0,0,3E-05
0.000026356,3E-05,0,1,0,0,0,0,1.00003
0.000001594,3E-05,1,0,0,0,0,0,1.00003
0.600066557,4E-05,0,0,0,0,0,0,4E-05
0.000019310,4E-05,0,1,0,0,0,0,1.00004
0.000007507,4E-05,1,0,0,0,0,0,1.00004
