Width,Precaution,TLHarm,TNLHarm,File,Answer,Bargain,Trial,Total
0.000003999,3E-05,0,0,0.1,0.1,0.2,0,0.40003
0.000028269,3E-05,0,1,0.1,0.1,0.2,0,1.40003
0.000000011,3E-05,1,0,0.1,0.1,0.2,0,1.40003
0.399874348,3E-05,0,0,0,0,0,0,3E-05
0.000006001,4E-05,0,0,0.1,0.1,0.2,0,0.40004
0.000026816,4E-05,0,1,0.1,0.1,0.2,0,1.40004
0.600060556,4E-05,0,0,0,0,0,0,4E-05
