Width,Precaution,TLHarm,TNLHarm,File,Answer,Bargain,Trial,Total
0.600048045,2E-05,0,0,0,0,0,0,2E-05
0.000043450,2E-05,0,1,0,0,0,0,1.00002
0.000001878,2E-05,1,0,0,0,0,0,1.00002
0.399886515,3E-05,0,0,0,0,0,0,3E-05
0.000010516,3E-05,0,1,0,0,0,0,1.00003
0.000009595,3E-05,1,0,0,0,0,0,1.00003
