Width,Precaution,TLHarm,TNLHarm,File,Answer,Bargain,Trial,Total
0.000000054,3E-05,0,0,0.1,0.1,0.2,0,0.40003
0.000000281,3E-05,1,0,0.1,0.1,0.2,0,1.40003
0.600053010,3E-05,0,0,0,0,0,0,3E-05
0.000038608,3E-05,0,1,0,0,0,0,1.00003
0.000001416,3E-05,1,0,0,0,0,0,1.00003
0.399890430,4E-05,0,0,0,0,0,0,4E-05
0.000016201,4E-05,0,1,0,0,0,0,1.00004
