Width,Precaution,TLHarm,TNLHarm,File,Answer,Bargain,Trial,Total
0.000000021,3E-05,0,1,0.4,0.4,0.8,0,2.60003
0.000000083,3E-05,0,0,0.4,0,0,0,0.40003
0.000000088,3E-05,0,1,0.4,0,0,0,1.40003
0.000000361,3E-05,1,0,0.4,0,0,0,1.40003
0.600052977,3E-05,0,0,0,0,0,0,3E-05
0.000038504,3E-05,0,1,0,0,0,0,1.00003
0.000001335,3E-05,1,0,0,0,0,0,1.00003
0.399890429,4E-05,0,0,0,0,0,0,4E-05
0.000016201,4E-05,0,1,0,0,0,0,1.00004
