Width,Precaution,TLHarm,TNLHarm,File,Answer,Bargain,Trial,Total
0.399878352,3E-05,0,0,0,0,0,0,3E-05
0.000028267,3E-05,0,1,0,0,0,0,1.00003
0.600066565,4E-05,0,0,0,0,0,0,4E-05
0.000026816,4E-05,0,1,0,0,0,0,1.00004
