Width,Precaution,TLHarm,TNLHarm,File,Answer,Bargain,Trial,Total
0.000000040,2.4E-05,0,0,0.4,0.4,0.8,0,1.600024
0.000000306,2.4E-05,0,1,0.4,0.4,0.8,0,2.600024
0.194043386,2.4E-05,0,0,0,0,0,0,2.4E-05
0.000015286,2.4E-05,0,1,0,0,0,0,1.000024
0.805894898,3.6E-05,0,0,0,0,0,0,3.6E-05
0.000036477,3.6E-05,0,1,0,0,0,0,1.000036
0.000009607,3.6E-05,1,0,0,0,0,0,1.000036
