Width,Precaution,TLHarm,TNLHarm,File,Answer,Bargain,Trial,Total
0.000000031,3E-05,0,0,0.4,0.4,0.8,0,1.60003
0.000000006,3E-05,0,1,0.4,0.4,0.8,0,2.60003
0.000000160,3E-05,1,0,0.4,0.4,0.8,0,2.60003
0.000000024,3E-05,0,0,0.4,0,0,0,0.40003
0.000000123,3E-05,1,0,0.4,0,0,0,1.40003
0.600053005,3E-05,0,0,0,0,0,0,3E-05
0.000038608,3E-05,0,1,0,0,0,0,1.00003
0.000001416,3E-05,1,0,0,0,0,0,1.00003
0.399890426,4E-05,0,0,0,0,0,0,4E-05
0.000016201,4E-05,0,1,0,0,0,0,1.00004
