Width,Precaution,TLHarm,TNLHarm,File,Answer,Bargain,Trial,Total
0.000000540,3E-05,0,0,0.1,0.1,0.2,0,0.40003
0.000003434,3E-05,0,1,0.1,0.1,0.2,0,1.40003
0.000000011,3E-05,1,0,0.1,0.1,0.2,0,1.40003
0.399877807,3E-05,0,0,0,0,0,0,3E-05
0.000024835,3E-05,0,1,0,0,0,0,1.00003
0.600066557,4E-05,0,0,0,0,0,0,4E-05
0.000026816,4E-05,0,1,0,0,0,0,1.00004
