Width,Precaution,TLHarm,TNLHarm,File,Answer,Bargain,Trial,Total
0.000000006,2E-05,0,1,0.4,0.4,0.8,0,2.60002
0.000000054,2E-05,0,0,0.4,0,0,0,0.40002
0.000000372,2E-05,0,1,0.4,0,0,0,1.40002
0.000000008,2E-05,1,0,0.4,0,0,0,1.40002
0.399875360,2E-05,0,0,0,0,0,0,2E-05
0.000030824,2E-05,0,1,0,0,0,0,1.00002
0.600061228,3E-05,0,0,0,0,0,0,3E-05
0.000022539,3E-05,0,1,0,0,0,0,1.00003
0.000009607,3E-05,1,0,0,0,0,0,1.00003
