Width,Precaution,TLHarm,TNLHarm,File,Answer,Bargain,Trial,Total
0.000000151,2.4E-05,0,1,0.1,0.1,0.2,0,1.400024
0.000000008,2.4E-05,0,1,0.1,0.1,0.2,0.2,1.600024
0.278421876,2.4E-05,0,0,0,0,0,0,2.4E-05
0.000021833,2.4E-05,0,1,0,0,0,0,1.000024
0.527465995,3.6E-05,0,0,0,0,0,0,3.6E-05
0.000029325,3.6E-05,0,1,0,0,0,0,1.000036
0.000001827,3.6E-05,1,0,0,0,0,0,1.000036
0.194051824,4.8E-05,0,0,0,0,0,0,4.8E-05
0.000007161,4.8E-05,0,1,0,0,0,0,1.000048
