Width,Precaution,TLHarm,TNLHarm,File,Answer,Bargain,Trial,Total
0.000001940,2E-05,0,0,0.025,0.025,0.05,0,0.10002
0.000015578,2E-05,0,1,0.025,0.025,0.05,0,1.10002
0.194041452,2E-05,0,0,0,0,0,0,2E-05
0.000002057,3E-05,0,0,0.025,0.025,0.05,0,0.10003
0.000013925,3E-05,0,1,0.025,0.025,0.05,0,1.10003
0.205831777,3E-05,0,0,0,0,0,0,3E-05
0.000006001,4E-05,0,0,0.025,0.025,0.05,0,0.10004
0.000026816,4E-05,0,1,0.025,0.025,0.05,0,1.10004
0.600060454,4E-05,0,0,0,0,0,0,4E-05
