Width,Precaution,TLHarm,TNLHarm,File,Answer,Bargain,Trial,Total
0.194044676,2.4E-05,0,0,0,0,0,0,2.4E-05
0.000014327,2.4E-05,0,1,0,0,0,0,1.000024
0.000000009,2.4E-05,1,0,0,0,0,0,1.000024
0.805901333,3.2E-05,0,0,0,0,0,0,3.2E-05
0.000032147,3.2E-05,0,1,0,0,0,0,1.000032
0.000007507,3.2E-05,1,0,0,0,0,0,1.000032
