Width,Precaution,TLHarm,TNLHarm,File,Answer,Bargain,Trial,Total
0.000000540,2.4E-05,0,0,0.4,0,0,0,0.400024
0.000001952,2.4E-05,0,1,0.4,0,0,0,1.400024
0.000001722,2.4E-05,1,0,0.4,0,0,0,1.400024
0.600047505,2.4E-05,0,0,0,0,0,0,2.4E-05
0.000041498,2.4E-05,0,1,0,0,0,0,1.000024
0.000000156,2.4E-05,1,0,0,0,0,0,1.000024
0.399890425,4.8E-05,0,0,0,0,0,0,4.8E-05
0.000016201,4.8E-05,0,1,0,0,0,0,1.000048
