Width,Precaution,TLHarm,TNLHarm,File,Answer,Bargain,Trial,Total
0.000003998,3E-05,0,0,0.025,0.025,0.05,0,0.10003
0.000028267,3E-05,0,1,0.025,0.025,0.05,0,1.10003
0.399874354,3E-05,0,0,0,0,0,0,3E-05
0.000006001,4E-05,0,0,0.025,0.025,0.05,0,0.10004
0.000026816,4E-05,0,1,0.025,0.025,0.05,0,1.10004
0.600060565,4E-05,0,0,0,0,0,0,4E-05
