Width,Precaution,TLHarm,TNLHarm,File,Answer,Bargain,Trial,Total
0.000002300,5E-05,0,0,0.8,0,0,0,0.80005
0.000016427,5E-05,0,1,0.8,0,0,0,1.80005
0.229999297,5E-05,0,0,0,0,0,0,5E-05
0.000002700,6E-05,0,0,0.8,0,0,0,0.80006
0.000016280,6E-05,0,1,0.8,0,0,0,1.80006
0.269963095,6E-05,0,0,0,0,0,0,6E-05
0.000005000,7E-05,0,0,0.8,0,0,0,0.80007
0.000020559,7E-05,0,1,0.8,0,0,0,1.80007
0.499974343,7E-05,0,0,0,0,0,0,7E-05
