Width,Precaution,TLHarm,TNLHarm,File,Answer,Bargain,Trial,Total
0.000006348,3E-05,0,0,0.05,0.05,0.05,0,0.15003
0.000045570,3E-05,0,1,0.05,0.05,0.05,0,1.15003
0.000002734,3E-05,1,0,0.05,0.05,0.05,0,1.15003
0.634821459,3E-05,0,0,0,0,0,0,3E-05
0.000003651,4E-05,0,0,0.05,0.05,0.05,0,0.15004
0.000020812,4E-05,0,1,0.05,0.05,0.05,0,1.15004
0.365099425,4E-05,0,0,0,0,0,0,4E-05
