Width,Precaution,TLHarm,TNLHarm,File,Answer,Bargain,Trial,Total
0.000007699,0,0,0,0.8,0,0,0,0.8
0.000059221,0,0,1,0.8,0,0,0,1.8
0.000017777,0,1,0,0.8,0,0,0,1.8
0.769897230,0,0,0,0,0,0,0,0
0.000002300,1.2E-05,0,0,0.8,0,0,0,0.800012
0.000005727,1.2E-05,0,1,0.8,0,0,0,1.800012
0.000014341,1.2E-05,1,0,0.8,0,0,0,1.800012
0.229995704,1.2E-05,0,0,0,0,0,0,1.2E-05
