Width,Precaution,TLHarm,TNLHarm,File,Answer,Bargain,Trial,Total
0.000000041,2E-05,0,0,0.2,0.2,0.2,0,0.60002
0.000000259,2E-05,0,1,0.2,0.2,0.2,0,1.60002
0.000000070,2E-05,1,0,0.2,0.2,0.2,0,1.60002
0.229998283,2E-05,0,0,0,0,0,0,2E-05
0.000019323,2E-05,0,1,0,0,0,0,1.00002
0.000000097,2E-05,1,0,0,0,0,0,1.00002
0.769927949,3E-05,0,0,0,0,0,0,3E-05
0.000036747,3E-05,0,1,0,0,0,0,1.00003
0.000017232,3E-05,1,0,0,0,0,0,1.00003
