Width,Precaution,TLHarm,TNLHarm,File,Answer,Bargain,Trial,Total
0.000000019,1E-05,0,1,0.2,0.2,0.2,0,1.60001
0.000000031,1E-05,1,0,0.2,0.2,0.2,0,1.60001
0.000000013,1E-05,0,1,0.2,0,0,0,1.20001
0.000000030,1E-05,1,0,0.2,0,0,0,1.20001
0.229996790,1E-05,0,0,0,0,0,0,1E-05
0.000020465,1E-05,0,1,0,0,0,0,1.00001
0.000000716,1E-05,1,0,0,0,0,0,1.00001
0.769927957,3E-05,0,0,0,0,0,0,3E-05
0.000036747,3E-05,0,1,0,0,0,0,1.00003
0.000017232,3E-05,1,0,0,0,0,0,1.00003
