Width,Precaution,TLHarm,TNLHarm,File,Answer,Bargain,Trial,Total
0.000000118,4E-05,0,0,0.2,0.2,0.2,0,0.60004
0.000000652,4E-05,0,1,0.2,0.2,0.2,0,1.60004
0.000000094,4E-05,1,0,0.2,0.2,0.2,0,1.60004
0.365096825,4E-05,0,0,0,0,0,0,4E-05
0.000026135,4E-05,0,1,0,0,0,0,1.00004
0.000000064,4E-05,1,0,0,0,0,0,1.00004
0.634842137,5E-05,0,0,0,0,0,0,5E-05
0.000027552,5E-05,0,1,0,0,0,0,1.00005
0.000006423,5E-05,1,0,0,0,0,0,1.00005
