Width,Precaution,TLHarm,TNLHarm,File,Answer,Bargain,Trial,Total
0.000000328,1E-05,0,1,0.05,0.05,0.05,0,1.15001
0.000000235,1E-05,1,0,0.05,0.05,0.05,0,1.15001
0.229996750,1E-05,0,0,0,0,0,0,1E-05
0.000020169,1E-05,0,1,0,0,0,0,1.00001
0.000000542,1E-05,1,0,0,0,0,0,1.00001
0.769927997,3E-05,0,0,0,0,0,0,3E-05
0.000036747,3E-05,0,1,0,0,0,0,1.00003
0.000017232,3E-05,1,0,0,0,0,0,1.00003
