Width,Precaution,TLHarm,TNLHarm,File,Answer,Bargain,Trial,Total
0.000001716,1E-05,0,0,0.2,0,0,0,0.20001
0.000015062,1E-05,0,1,0.2,0,0,0,1.20001
0.000000772,1E-05,1,0,0.2,0,0,0,1.20001
0.229995083,1E-05,0,0,0,0,0,0,1E-05
0.000005435,1E-05,0,1,0,0,0,0,1.00001
0.769927953,3E-05,0,0,0,0,0,0,3E-05
0.000036747,3E-05,0,1,0,0,0,0,1.00003
0.000017232,3E-05,1,0,0,0,0,0,1.00003
