Width,Precaution,TLHarm,TNLHarm,File,Answer,Bargain,Trial,Total
0.000001716,3E-05,0,0,0.05,0.05,0.05,0,0.15003
0.000003953,3E-05,0,1,0.05,0.05,0.05,0,1.15003
0.000007303,3E-05,1,0,0.05,0.05,0.05,0,1.15003
0.897101219,3E-05,0,0,0,0,0,0,3E-05
0.000049925,3E-05,0,1,0,0,0,0,1.00003
0.000004619,3E-05,1,0,0,0,0,0,1.00003
0.102825643,4E-05,0,0,0,0,0,0,4E-05
0.000005622,4E-05,0,1,0,0,0,0,1.00004
