Width,Precaution,TLHarm,TNLHarm,File,Answer,Bargain,Trial,Total
0.000001430,0,0,0,0.05,0.05,0.05,0,0.15
0.000014214,0,0,1,0.05,0.05,0.05,0,1.15
0.000000084,0,1,0,0.05,0.05,0.05,0,1.15
0.142958847,0,0,0,0,0,0,0,0
0.856957165,2E-05,0,0,0,0,0,0,2E-05
0.000057963,2E-05,0,1,0,0,0,0,1.00002
0.000010298,2E-05,1,0,0,0,0,0,1.00002
