Width,Precaution,TLHarm,TNLHarm,File,Answer,Bargain,Trial,Total
0.000000736,4E-05,0,0,0.05,0.05,0.05,0,0.15004
0.000005275,4E-05,0,1,0.05,0.05,0.05,0,1.15004
0.000000024,4E-05,1,0,0.05,0.05,0.05,0,1.15004
0.230000016,4E-05,0,0,0,0,0,0,4E-05
0.000012021,4E-05,0,1,0,0,0,0,1.00004
0.769938958,5E-05,0,0,0,0,0,0,5E-05
0.000036528,5E-05,0,1,0,0,0,0,1.00005
0.000006443,5E-05,1,0,0,0,0,0,1.00005
