Width,Precaution,TLHarm,TNLHarm,File,Answer,Bargain,Trial,Total
0.000000289,3.2E-05,0,0,0.05,0.05,0.05,0,0.150032
0.000001978,3.2E-05,0,1,0.05,0.05,0.05,0,1.150032
0.000000023,3.2E-05,1,0,0.05,0.05,0.05,0,1.150032
0.230000463,3.2E-05,0,0,0,0,0,0,3.2E-05
0.000015318,3.2E-05,0,1,0,0,0,0,1.000032
0.769938958,4E-05,0,0,0,0,0,0,4E-05
0.000036528,4E-05,0,1,0,0,0,0,1.00004
0.000006443,4E-05,1,0,0,0,0,0,1.00004
