Width,Precaution,TLHarm,TNLHarm,File,Answer,Bargain,Trial,Total
0.000002300,0,0,0,0.05,0.05,0.05,0,0.15
0.000022796,0,0,1,0.05,0.05,0.05,0,1.15
0.000000206,0,1,0,0.05,0.05,0.05,0,1.15
0.229992771,0,0,0,0,0,0,0,0
0.769921095,2.4E-05,0,0,0,0,0,0,2.4E-05
0.000050537,2.4E-05,0,1,0,0,0,0,1.000024
0.000010296,2.4E-05,1,0,0,0,0,0,1.000024
