Width,Precaution,TLHarm,TNLHarm,File,Answer,Bargain,Trial,Total
0.000000523,0,0,0,0.05,0.05,0.2,0.3,0.6
0.000004423,0,0,1,0.05,0.05,0.2,0.3,1.6
0.000000812,0,1,0,0.05,0.05,0.2,0.3,1.6
0.365086852,0,0,0,0,0,0,0,0
0.000031090,0,0,1,0,0,0,0,1
0.000000187,0,1,0,0,0,0,0,1
0.634826582,2.4E-05,0,0,0,0,0,0,2.4E-05
0.000039262,2.4E-05,0,1,0,0,0,0,1.000024
0.000010267,2.4E-05,1,0,0,0,0,0,1.000024
