Width,Precaution,TLHarm,TNLHarm,File,Answer,Bargain,Trial,Total
0.365092837,1.6E-05,0,0,0,0,0,0,1.6E-05
0.000024905,1.6E-05,0,1,0,0,0,0,1.000016
0.000006146,1.6E-05,1,0,0,0,0,0,1.000016
0.634837732,3.2E-05,0,0,0,0,0,0,3.2E-05
0.000024181,3.2E-05,0,1,0,0,0,0,1.000032
0.000014199,3.2E-05,1,0,0,0,0,0,1.000032
