Width,Precaution,TLHarm,TNLHarm,File,Answer,Bargain,Trial,Total
0.000000010,2E-05,0,0,0.2,0.2,0.8,0,1.20002
0.000000055,2E-05,0,1,0.2,0.2,0.8,0,2.20002
0.000000028,2E-05,1,0,0.2,0.2,0.8,0,2.20002
0.229998314,2E-05,0,0,0,0,0,0,2E-05
0.000019527,2E-05,0,1,0,0,0,0,1.00002
0.000000139,2E-05,1,0,0,0,0,0,1.00002
0.769927949,3E-05,0,0,0,0,0,0,3E-05
0.000036747,3E-05,0,1,0,0,0,0,1.00003
0.000017232,3E-05,1,0,0,0,0,0,1.00003
