Width,Precaution,TLHarm,TNLHarm,File,Answer,Bargain,Trial,Total
0.000001349,0,0,0,0.05,0.05,0.2,0,0.3
0.000005386,0,0,1,0.05,0.05,0.2,0,1.3
0.000008102,0,1,0,0.05,0.05,0.2,0,1.3
0.000000635,0,0,0,0.05,0.05,0.2,0.3,0.6
0.000002363,0,0,1,0.05,0.05,0.2,0.3,1.6
0.000003986,0,1,0,0.05,0.05,0.2,0.3,1.6
0.499948017,0,0,0,0,0,0,0,0
0.000026671,0,0,1,0,0,0,0,1
0.000003492,0,1,0,0,0,0,0,1
0.499966377,3E-05,0,0,0,0,0,0,3E-05
0.000017194,3E-05,0,1,0,0,0,0,1.00003
0.000016429,3E-05,1,0,0,0,0,0,1.00003
