Width,Precaution,TLHarm,TNLHarm,File,Answer,Bargain,Trial,Total
0.000000274,3.2E-05,0,0,0.05,0.05,0.2,0,0.300032
0.000001650,3.2E-05,0,1,0.05,0.05,0.2,0,1.300032
0.000000126,3.2E-05,1,0,0.05,0.05,0.2,0,1.300032
0.365096670,3.2E-05,0,0,0,0,0,0,3.2E-05
0.000025137,3.2E-05,0,1,0,0,0,0,1.000032
0.000000032,3.2E-05,1,0,0,0,0,0,1.000032
0.634842137,4E-05,0,0,0,0,0,0,4E-05
0.000027552,4E-05,0,1,0,0,0,0,1.00004
0.000006423,4E-05,1,0,0,0,0,0,1.00004
