Width,Precaution,TLHarm,TNLHarm,File,Answer,Bargain,Trial,Total
0.000000134,0,0,1,0.05,0.05,0.2,0,1.3
0.000000140,0,1,0,0.05,0.05,0.2,0,1.3
0.000000298,0,0,0,0.05,0.05,0.2,0.3,0.6
0.000002292,0,0,1,0.05,0.05,0.2,0.3,1.6
0.000000688,0,1,0,0.05,0.05,0.2,0.3,1.6
0.376067558,0,0,0,0,0,0,0,0
0.000033985,0,0,1,0,0,0,0,1
0.000000371,0,1,0,0,0,0,0,1
0.623845899,2E-05,0,0,0,0,0,0,2E-05
0.000038382,2E-05,0,1,0,0,0,0,1.00002
0.000010253,2E-05,1,0,0,0,0,0,1.00002
