Width,Precaution,TLHarm,TNLHarm,File,Answer,Bargain,Trial,Total
0.365090272,1E-05,0,0,0,0,0,0,1E-05
0.000030859,1E-05,0,1,0,0,0,0,1.00001
0.000002757,1E-05,1,0,0,0,0,0,1.00001
0.634826582,2E-05,0,0,0,0,0,0,2E-05
0.000021249,2E-05,0,1,0,0,0,0,1.00002
0.000028281,2E-05,1,0,0,0,0,0,1.00002
