Width,Precaution,TLHarm,TNLHarm,File,Answer,Bargain,Trial,Total
0.000000034,2E-05,0,0,0.05,0.05,0.2,0.3,0.60002
0.000000134,2E-05,0,1,0.05,0.05,0.2,0.3,1.60002
0.000000136,2E-05,1,0,0.05,0.05,0.2,0.3,1.60002
0.365092803,2E-05,0,0,0,0,0,0,2E-05
0.000030116,2E-05,0,1,0,0,0,0,1.00002
0.000000665,2E-05,1,0,0,0,0,0,1.00002
0.634832528,3E-05,0,0,0,0,0,0,3E-05
0.000026503,3E-05,0,1,0,0,0,0,1.00003
0.000017081,3E-05,1,0,0,0,0,0,1.00003
