Width,Precaution,TLHarm,TNLHarm,File,Answer,Bargain,Trial,Total
0.000000252,0,0,0,0.05,0.05,0.2,0,0.3
0.000001926,0,0,1,0.05,0.05,0.2,0,1.3
0.000000593,0,1,0,0.05,0.05,0.2,0,1.3
0.000000041,0,0,0,0.05,0.05,0.2,0.3,0.6
0.000000322,0,0,1,0.05,0.05,0.2,0.3,1.6
0.000000087,0,1,0,0.05,0.05,0.2,0.3,1.6
0.365087083,0,0,0,0,0,0,0,0
0.000033266,0,0,1,0,0,0,0,1
0.000000318,0,1,0,0,0,0,0,1
0.634826582,2E-05,0,0,0,0,0,0,2E-05
0.000039262,2E-05,0,1,0,0,0,0,1.00002
0.000010267,2E-05,1,0,0,0,0,0,1.00002
