Width,Precaution,TLHarm,TNLHarm,File,Answer,Bargain,Trial,Total
0.499957951,2E-05,0,0,0,0,0,0,2E-05
0.000029408,2E-05,0,1,0,0,0,0,1.00002
0.000012641,2E-05,1,0,0,0,0,0,1.00002
0.499970691,4E-05,0,0,0,0,0,0,4E-05
0.000015666,4E-05,0,1,0,0,0,0,1.00004
0.000013644,4E-05,1,0,0,0,0,0,1.00004
