Width,Precaution,TLHarm,TNLHarm,File,Answer,Bargain,Trial,Total
0.000000011,0,0,0,0.2,0.2,0.8,1.2,2.4
0.000000093,0,0,1,0.2,0.2,0.8,1.2,3.4
0.000000012,0,1,0,0.2,0.2,0.8,1.2,3.4
0.000000597,0,0,0,0.2,0,0,0,0.2
0.000001881,0,0,1,0.2,0,0,0,1.2
0.000004089,0,1,0,0.2,0,0,0,1.2
0.634812017,0,0,0,0,0,0,0,0
0.000052590,0,0,1,0,0,0,0,1
0.000004822,0,1,0,0,0,0,0,1
0.365091909,1.2E-05,0,0,0,0,0,0,1.2E-05
0.000012618,1.2E-05,0,1,0,0,0,0,1.000012
0.000019361,1.2E-05,1,0,0,0,0,0,1.000012
