Width,Precaution,TLHarm,TNLHarm,File,Answer,Bargain,Trial,Total
0.000000061,0,0,0,0.2,0.2,0.8,0,1.2
0.000000147,0,0,1,0.2,0.2,0.8,0,2.2
0.000000463,0,1,0,0.2,0.2,0.8,0,2.2
0.000000034,0,0,0,0.2,0.2,0.8,1.2,2.4
0.000000170,0,0,1,0.2,0.2,0.8,1.2,3.4
0.000000174,0,1,0,0.2,0.2,0.8,1.2,3.4
0.000000933,0,0,0,0.2,0,0,0,0.2
0.000000335,0,0,1,0.2,0,0,0,1.2
0.000008994,0,1,0,0.2,0,0,0,1.2
0.999898972,0,0,0,0,0,0,0,0
0.000061263,0,0,1,0,0,0,0,1
0.000028454,0,1,0,0,0,0,0,1
