Width,Precaution,TLHarm,TNLHarm,File,Answer,Bargain,Trial,Total
0.000001143,0,0,0,0.1,0.1,0.2,0,0.4
0.000005196,0,0,1,0.1,0.1,0.2,0,1.4
0.000006234,0,1,0,0.1,0.1,0.2,0,1.4
0.000000044,0,0,0,0.1,0.1,0.2,0.2,0.6
0.000000337,0,0,1,0.1,0.1,0.2,0.2,1.6
0.000000099,0,1,0,0.1,0.1,0.2,0.2,1.6
0.634811438,0,0,0,0,0,0,0,0
0.000049032,0,0,1,0,0,0,0,1
0.000002590,0,1,0,0,0,0,0,1
0.365096053,2.4E-05,0,0,0,0,0,0,2.4E-05
0.000018485,2.4E-05,0,1,0,0,0,0,1.000024
0.000009350,2.4E-05,1,0,0,0,0,0,1.000024
