Width,Precaution,TLHarm,TNLHarm,File,Answer,Bargain,Trial,Total
0.000000221,0,0,0,0.1,0.1,0.2,0,0.4
0.000000149,0,0,1,0.1,0.1,0.2,0,1.4
0.000002065,0,1,0,0.1,0.1,0.2,0,1.4
0.000000034,0,0,0,0.1,0.1,0.2,0.2,0.6
0.000000019,0,0,1,0.1,0.1,0.2,0.2,1.6
0.000000326,0,1,0,0.1,0.1,0.2,0.2,1.6
0.473877275,0,0,0,0,0,0,0,0
0.000033211,0,0,1,0,0,0,0,1
0.000011623,0,1,0,0,0,0,0,1
0.526034419,2E-05,0,0,0,0,0,0,2E-05
0.000013945,2E-05,0,1,0,0,0,0,1.00002
0.000026713,2E-05,1,0,0,0,0,0,1.00002
