Width,Precaution,TLHarm,TNLHarm,File,Answer,Bargain,Trial,Total
0.365095064,2.4E-05,0,0,0,0,0,0,2.4E-05
0.000026573,2.4E-05,0,1,0,0,0,0,1.000024
0.000002251,2.4E-05,1,0,0,0,0,0,1.000024
0.634837732,3.2E-05,0,0,0,0,0,0,3.2E-05
0.000024181,3.2E-05,0,1,0,0,0,0,1.000032
0.000014199,3.2E-05,1,0,0,0,0,0,1.000032
