Width,Precaution,TLHarm,TNLHarm,File,Answer,Bargain,Trial,Total
0.499949900,0,0,0,0,0,0,0,0
0.000034420,0,0,1,0,0,0,0,1
0.000015580,0,1,0,0,0,0,0,1
0.000000319,1E-05,0,0,0.4,0,0,0,0.40001
0.000000126,1E-05,0,1,0.4,0,0,0,1.40001
0.000002669,1E-05,1,0,0.4,0,0,0,1.40001
0.134863944,1E-05,0,0,0,0,0,0,1E-05
0.000004340,1E-05,0,1,0,0,0,0,1.00001
0.000004888,1E-05,1,0,0,0,0,0,1.00001
0.365095980,2E-05,0,0,0,0,0,0,2E-05
0.000005745,2E-05,0,1,0,0,0,0,1.00002
0.000022090,2E-05,1,0,0,0,0,0,1.00002
