Width,Precaution,TLHarm,TNLHarm,File,Answer,Bargain,Trial,Total
0.000009624,4E-05,0,0,0.025,0.025,0.05,0,0.10004
0.000043413,4E-05,0,1,0.025,0.025,0.05,0,1.10004
0.000008130,4E-05,1,0,0.025,0.025,0.05,0,1.10004
0.000000376,4E-05,0,0,0.025,0.025,0.05,0.05,0.15004
0.000001152,4E-05,0,1,0.025,0.025,0.05,0.05,1.15004
0.000000513,4E-05,1,0,0.025,0.025,0.05,0.05,1.15004
0.999936794,4E-05,0,0,0,0,0,0,4E-05
