Width,Precaution,TLHarm,TNLHarm,File,Answer,Bargain,Trial,Total
0.000000353,0,0,0,0.1,0.1,0.2,0,0.4
0.000002246,0,0,1,0.1,0.1,0.2,0,1.4
0.000001279,0,1,0,0.1,0.1,0.2,0,1.4
0.000000255,0,0,0,0.1,0.1,0.2,0.2,0.6
0.000001816,0,0,1,0.1,0.1,0.2,0.2,1.6
0.000000734,0,1,0,0.1,0.1,0.2,0.2,1.6
0.229994463,0,0,0,0,0,0,0,0
0.000016188,0,0,1,0,0,0,0,1
0.000000738,0,1,0,0,0,0,0,1
0.769927949,3E-05,0,0,0,0,0,0,3E-05
0.000036747,3E-05,0,1,0,0,0,0,1.00003
0.000017232,3E-05,1,0,0,0,0,0,1.00003
