Width,Precaution,TLHarm,TNLHarm,File,Answer,Bargain,Trial,Total
0.365087376,0,0,0,0,0,0,0,0
0.000035514,0,0,1,0,0,0,0,1
0.000000999,0,1,0,0,0,0,0,1
0.634819936,1E-05,0,0,0,0,0,0,1E-05
0.000033497,1E-05,0,1,0,0,0,0,1.00001
0.000022679,1E-05,1,0,0,0,0,0,1.00001
