Width,Precaution,TLHarm,TNLHarm,File,Answer,Bargain,Trial,Total
0.000000034,0,0,0,0.1,0.1,0.2,0.2,0.6
0.000000170,0,0,1,0.1,0.1,0.2,0.2,1.6
0.000000174,0,1,0,0.1,0.1,0.2,0.2,1.6
0.365087341,0,0,0,0,0,0,0,0
0.000035343,0,0,1,0,0,0,0,1
0.000000825,0,1,0,0,0,0,0,1
0.634819936,1.2E-05,0,0,0,0,0,0,1.2E-05
0.000033497,1.2E-05,0,1,0,0,0,0,1.000012
0.000022679,1.2E-05,1,0,0,0,0,0,1.000012
