Width,Precaution,TLHarm,TNLHarm,File,Answer,Bargain,Trial,Total
0.999940600,4E-05,0,0,0,0,0,0,4E-05
0.000053259,4E-05,0,1,0,0,0,0,1.00004
0.000006141,4E-05,1,0,0,0,0,0,1.00004
