Width,Precaution,TLHarm,TNLHarm,File,Answer,Bargain,Trial,Total
0.000000887,3E-05,0,0,0.025,0.025,0.05,0,0.10003
0.000006992,3E-05,0,1,0.025,0.025,0.05,0,1.10003
0.000000140,3E-05,0,0,0.025,0.025,0.05,0.05,0.15003
0.000000489,3E-05,0,1,0.025,0.025,0.05,0.05,1.15003
0.000000441,3E-05,1,0,0.025,0.025,0.05,0.05,1.15003
0.102725899,3E-05,0,0,0,0,0,0,3E-05
0.000008972,4E-05,0,0,0.025,0.025,0.05,0,0.10004
0.000057980,4E-05,0,1,0.025,0.025,0.05,0,1.10004
0.897198200,4E-05,0,0,0,0,0,0,4E-05
