Width,Precaution,TLHarm,TNLHarm,File,Answer,Bargain,Trial,Total
0.000000202,3E-05,0,0,0.1,0.1,0.2,0.2,0.60003
0.000000279,3E-05,0,1,0.1,0.1,0.2,0.2,1.60003
0.000001023,3E-05,1,0,0.1,0.1,0.2,0.2,1.60003
0.223744264,3E-05,0,0,0,0,0,0,3E-05
0.000015600,3E-05,0,1,0,0,0,0,1.00003
0.000000215,3E-05,1,0,0,0,0,0,1.00003
0.776188896,4E-05,0,0,0,0,0,0,4E-05
0.000049519,4E-05,0,1,0,0,0,0,1.00004
