Width,Precaution,TLHarm,TNLHarm,File,Answer,Bargain,Trial,Total
0.000009311,5E-05,0,0,0.025,0.025,0.05,0,0.10005
0.000051451,5E-05,0,1,0.025,0.025,0.05,0,1.10005
0.000004757,5E-05,1,0,0.025,0.025,0.05,0,1.10005
0.000000688,5E-05,0,0,0.025,0.025,0.05,0.05,0.15005
0.000001808,5E-05,0,1,0.025,0.025,0.05,0.05,1.15005
0.000001384,5E-05,1,0,0.025,0.025,0.05,0.05,1.15005
0.999930601,5E-05,0,0,0,0,0,0,5E-05
