Width,Precaution,TLHarm,TNLHarm,File,Answer,Bargain,Trial,Total
0.000000140,0,0,0,0.1,0.1,0.2,0.2,0.6
0.000000270,0,0,1,0.1,0.1,0.2,0.2,1.6
0.000001132,0,1,0,0.1,0.1,0.2,0.2,1.6
0.102724440,0,0,0,0,0,0,0,0
0.000008713,0,0,1,0,0,0,0,1
0.000000158,0,1,0,0,0,0,0,1
0.897193178,2.4E-05,0,0,0,0,0,0,2.4E-05
0.000062033,2.4E-05,0,1,0,0,0,0,1.000024
0.000009935,2.4E-05,1,0,0,0,0,0,1.000024
