Width,Precaution,TLHarm,TNLHarm,File,Answer,Bargain,Trial,Total
0.000082376,4E-05,0,0,0.025,0.025,0.05,0,0.10004
0.000042168,4E-05,0,1,0.025,0.025,0.05,0,1.10004
0.000004090,4E-05,1,0,0.025,0.025,0.05,0,1.10004
0.000017619,4E-05,0,0,0.025,0.025,0.05,0.05,0.15004
0.000002373,4E-05,0,1,0.025,0.025,0.05,0.05,1.15004
0.000004577,4E-05,1,0,0.025,0.025,0.05,0.05,1.15004
0.999846799,4E-05,0,0,0,0,0,0,4E-05
