Width,Precaution,TLHarm,TNLHarm,File,Answer,Bargain,Trial,Total
0.000000937,3E-05,0,0,0.1,0.1,0.2,0.2,0.60003
0.000000260,3E-05,0,1,0.1,0.1,0.2,0.2,1.60003
0.000000270,3E-05,1,0,0.1,0.1,0.2,0.2,1.60003
0.391850413,3E-05,0,0,0,0,0,0,3E-05
0.000025962,3E-05,0,1,0,0,0,0,1.00003
0.000000641,3E-05,1,0,0,0,0,0,1.00003
0.608093457,4E-05,0,0,0,0,0,0,4E-05
0.000028059,4E-05,0,1,0,0,0,0,1.00004
