Width,Precaution,TLHarm,TNLHarm,File,Answer,Bargain,Trial,Total
0.000099995,4E-05,0,0,0.025,0.025,0.05,0,0.10004
0.000044541,4E-05,0,1,0.025,0.025,0.05,0,1.10004
0.000008666,4E-05,1,0,0.025,0.025,0.05,0,1.10004
0.999846799,4E-05,0,0,0,0,0,0,4E-05
