Width,Precaution,TLHarm,TNLHarm,File,Answer,Bargain,Trial,Total
0.000016682,3E-05,0,0,0.1,0.1,0.2,0,0.40003
0.000012012,3E-05,0,1,0.1,0.1,0.2,0,1.40003
0.000000020,3E-05,1,0,0.1,0.1,0.2,0,1.40003
0.000000937,3E-05,0,0,0.1,0.1,0.2,0.2,0.60003
0.000000546,3E-05,0,1,0.1,0.1,0.2,0.2,1.60003
0.000000052,3E-05,1,0,0.1,0.1,0.2,0.2,1.60003
0.176168013,3E-05,0,0,0,0,0,0,3E-05
0.000082376,4E-05,0,0,0.1,0.1,0.2,0,0.40004
0.000041375,4E-05,0,1,0.1,0.1,0.2,0,1.40004
0.823677987,4E-05,0,0,0,0,0,0,4E-05
