Width,Precaution,TLHarm,TNLHarm,File,Answer,Bargain,Trial,Total
0.000004109,3E-05,0,0,0.4,0.4,0.8,0,1.60003
0.000001824,3E-05,0,1,0.4,0.4,0.8,0,2.60003
0.000000650,3E-05,1,0,0.4,0.4,0.8,0,2.60003
0.391847240,3E-05,0,0,0,0,0,0,3E-05
0.000024398,3E-05,0,1,0,0,0,0,1.00003
0.000000261,3E-05,1,0,0,0,0,0,1.00003
0.608093457,4E-05,0,0,0,0,0,0,4E-05
0.000028059,4E-05,0,1,0,0,0,0,1.00004
