Width,Precaution,TLHarm,TNLHarm,File,Answer,Bargain,Trial,Total
0.999946793,3.2E-05,0,0,0,0,0,0,3.2E-05
0.000044541,3.2E-05,0,1,0,0,0,0,1.000032
0.000008666,3.2E-05,1,0,0,0,0,0,1.000032
