Width,Precaution,TLHarm,TNLHarm,File,Answer,Bargain,Trial,Total
0.608081351,3E-05,0,0,0,0,0,0,3E-05
0.000035351,3E-05,0,1,0,0,0,0,1.00003
0.000004815,3E-05,1,0,0,0,0,0,1.00003
0.391861909,4E-05,0,0,0,0,0,0,4E-05
0.000016574,4E-05,0,1,0,0,0,0,1.00004
