Width,Precaution,TLHarm,TNLHarm,File,Answer,Bargain,Trial,Total
0.000099995,4E-05,0,0,0.1,0.1,0.2,0,0.40004
0.000053207,4E-05,0,1,0.1,0.1,0.2,0,1.40004
0.999846799,4E-05,0,0,0,0,0,0,4E-05
