Width,Precaution,TLHarm,TNLHarm,File,Answer,Bargain,Trial,Total
0.000013859,3E-05,0,0,0.025,0.025,0.05,0,0.10003
0.000010090,3E-05,0,1,0.025,0.025,0.05,0,1.10003
0.000003759,3E-05,0,0,0.025,0.025,0.05,0.05,0.15003
0.000002468,3E-05,0,1,0.025,0.025,0.05,0.05,1.15003
0.000000069,3E-05,1,0,0.025,0.025,0.05,0.05,1.15003
0.176168014,3E-05,0,0,0,0,0,0,3E-05
0.000082376,4E-05,0,0,0.025,0.025,0.05,0,0.10004
0.000041375,4E-05,0,1,0.025,0.025,0.05,0,1.10004
0.823677990,4E-05,0,0,0,0,0,0,4E-05
