Width,Precaution,TLHarm,TNLHarm,File,Answer,Bargain,Trial,Total
0.000000937,2.4E-05,0,0,0.1,0.1,0.2,0.2,0.600024
0.000000629,2.4E-05,0,1,0.1,0.1,0.2,0.2,1.600024
0.000000056,2.4E-05,1,0,0.1,0.1,0.2,0.2,1.600024
0.176183450,2.4E-05,0,0,0,0,0,0,2.4E-05
0.000013170,2.4E-05,0,1,0,0,0,0,1.000024
0.000000021,2.4E-05,1,0,0,0,0,0,1.000024
0.823753942,3.6E-05,0,0,0,0,0,0,3.6E-05
0.000037049,3.6E-05,0,1,0,0,0,0,1.000036
0.000010746,3.6E-05,1,0,0,0,0,0,1.000036
