Width,Precaution,TLHarm,TNLHarm,File,Answer,Bargain,Trial,Total
0.000099995,3.2E-05,0,0,0.025,0.025,0.05,0,0.100032
0.000044541,3.2E-05,0,1,0.025,0.025,0.05,0,1.100032
0.000008666,3.2E-05,1,0,0.025,0.025,0.05,0,1.100032
0.999846799,3.2E-05,0,0,0,0,0,0,3.2E-05
