Width,Precaution,TLHarm,TNLHarm,File,Answer,Bargain,Trial,Total
0.000082376,3.2E-05,0,0,0.025,0.025,0.05,0,0.100032
0.000042168,3.2E-05,0,1,0.025,0.025,0.05,0,1.100032
0.000004090,3.2E-05,1,0,0.025,0.025,0.05,0,1.100032
0.000017619,3.2E-05,0,0,0.025,0.025,0.05,0.05,0.150032
0.000002373,3.2E-05,0,1,0.025,0.025,0.05,0.05,1.150032
0.000004577,3.2E-05,1,0,0.025,0.025,0.05,0.05,1.150032
0.999846799,3.2E-05,0,0,0,0,0,0,3.2E-05
