Width,Precaution,TLHarm,TNLHarm,File,Answer,Bargain,Trial,Total
0.000000937,2E-05,0,0,0.1,0.1,0.2,0.2,0.60002
0.000000629,2E-05,0,1,0.1,0.1,0.2,0.2,1.60002
0.000000056,2E-05,1,0,0.1,0.1,0.2,0.2,1.60002
0.176183450,2E-05,0,0,0,0,0,0,2E-05
0.000013170,2E-05,0,1,0,0,0,0,1.00002
0.000000021,2E-05,1,0,0,0,0,0,1.00002
0.823753942,3E-05,0,0,0,0,0,0,3E-05
0.000037049,3E-05,0,1,0,0,0,0,1.00003
0.000010746,3E-05,1,0,0,0,0,0,1.00003
