Width,Precaution,TLHarm,TNLHarm,File,Answer,Bargain,Trial,Total
0.000000041,1E-05,0,0,0,0,0.8,1.6,2.40001
0.000000183,1E-05,0,1,0,0,0.8,1.6,3.40001
0.000000184,1E-05,1,0,0,0,0.8,1.6,3.40001
0.365090231,1E-05,0,0,0,0,0,0,1E-05
0.000030677,1E-05,0,1,0,0,0,0,1.00001
0.000002573,1E-05,1,0,0,0,0,0,1.00001
0.634832528,3E-05,0,0,0,0,0,0,3E-05
0.000026503,3E-05,0,1,0,0,0,0,1.00003
0.000017081,3E-05,1,0,0,0,0,0,1.00003
