Width,Precaution,TLHarm,TNLHarm,File,Answer,Bargain,Trial,Total
0.000000318,0,0,0,0,0,0.2,0,0.2
0.000002242,0,0,1,0,0,0.2,0,1.2
0.000000938,0,1,0,0,0,0.2,0,1.2
0.000000635,0,0,0,0,0,0.2,0.4,0.6
0.000002363,0,0,1,0,0,0.2,0.4,1.6
0.000003986,0,1,0,0,0,0.2,0.4,1.6
0.499949047,0,0,0,0,0,0,0,0
0.000029815,0,0,1,0,0,0,0,1
0.000010656,0,1,0,0,0,0,0,1
0.499966377,3E-05,0,0,0,0,0,0,3E-05
0.000017194,3E-05,0,1,0,0,0,0,1.00003
0.000016429,3E-05,1,0,0,0,0,0,1.00003
