Width,Precaution,TLHarm,TNLHarm,File,Answer,Bargain,Trial,Total
0.000000041,1E-05,0,0,0,0,0.2,0.4,0.60001
0.000000183,1E-05,0,1,0,0,0.2,0.4,1.60001
0.000000184,1E-05,1,0,0,0,0.2,0.4,1.60001
0.229996758,1E-05,0,0,0,0,0,0,1E-05
0.000020315,1E-05,0,1,0,0,0,0,1.00001
0.000000593,1E-05,1,0,0,0,0,0,1.00001
0.769927949,3E-05,0,0,0,0,0,0,3E-05
0.000036747,3E-05,0,1,0,0,0,0,1.00003
0.000017232,3E-05,1,0,0,0,0,0,1.00003
