Width,Precaution,TLHarm,TNLHarm,File,Answer,Bargain,Trial,Total
0.000003353,0,0,0,0,0,0.05,0,0.05
0.000033221,0,0,1,0,0,0.05,0,1.05
0.000000311,0,1,0,0,0,0.05,0,1.05
0.000000298,0,0,0,0,0,0.05,0.1,0.15
0.000002292,0,0,1,0,0,0.05,0.1,1.15
0.000000688,0,1,0,0,0,0.05,0.1,1.15
0.365083725,0,0,0,0,0,0,0,0
0.000006348,2.4E-05,0,0,0,0,0.05,0,0.050024
0.000039262,2.4E-05,0,1,0,0,0.05,0,1.050024
0.000010267,2.4E-05,1,0,0,0,0.05,0,1.050024
0.634820234,2.4E-05,0,0,0,0,0,0,2.4E-05
