Width,Precaution,TLHarm,TNLHarm,File,Answer,Bargain,Trial,Total
0.000004291,2E-05,0,0,0,0,0.2,0,0.20002
0.000034544,2E-05,0,1,0,0,0.2,0,1.20002
0.000001723,2E-05,1,0,0,0,0.2,0,1.20002
0.429055711,2E-05,0,0,0,0,0,0,2E-05
0.000005709,3E-05,0,0,0,0,0.2,0,0.20003
0.000022088,3E-05,0,1,0,0,0.2,0,1.20003
0.000016771,3E-05,1,0,0,0,0.2,0,1.20003
0.570859164,3E-05,0,0,0,0,0,0,3E-05
