Width,Precaution,TLHarm,TNLHarm,File,Answer,Bargain,Trial,Total
0.866763195,4E-05,0,0,0,0,0,0,4E-05
0.000057594,4E-05,0,1,0,0,0,0,1.00004
0.133172475,5E-05,0,0,0,0,0,0,5E-05
0.000006737,5E-05,0,1,0,0,0,0,1.00005
