Width,Precaution,TLHarm,TNLHarm,File,Answer,Bargain,Trial,Total
0.230000752,3.2E-05,0,0,0,0,0,0,3.2E-05
0.000017296,3.2E-05,0,1,0,0,0,0,1.000032
0.000000024,3.2E-05,1,0,0,0,0,0,1.000032
0.769938957,4E-05,0,0,0,0,0,0,4E-05
0.000036528,4E-05,0,1,0,0,0,0,1.00004
0.000006443,4E-05,1,0,0,0,0,0,1.00004
