Width,Precaution,TLHarm,TNLHarm,File,Answer,Bargain,Trial,Total
0.000000108,1E-05,0,0,0.1,0.1,0.2,0,0.40001
0.000000958,1E-05,0,1,0.1,0.1,0.2,0,1.40001
0.000000019,1E-05,1,0,0.1,0.1,0.2,0,1.40001
0.000000082,1E-05,0,1,0.1,0.1,0.2,0.2,1.60001
0.000000010,1E-05,1,0,0.1,0.1,0.2,0.2,1.60001
0.229996684,1E-05,0,0,0,0,0,0,1E-05
0.000020200,1E-05,0,1,0,0,0,0,1.00001
0.769921107,2E-05,0,0,0,0,0,0,2E-05
0.000050537,2E-05,0,1,0,0,0,0,1.00002
0.000010296,2E-05,1,0,0,0,0,0,1.00002
