Width,Precaution,TLHarm,TNLHarm,File,Answer,Bargain,Trial,Total
0.000002290,3.2E-05,0,0,0.025,0.025,0.05,0,0.100032
0.000017238,3.2E-05,0,1,0.025,0.025,0.05,0,1.100032
0.000000017,3.2E-05,1,0,0.025,0.025,0.05,0,1.100032
0.000000059,3.2E-05,0,1,0.025,0.025,0.05,0.05,1.150032
0.229998456,3.2E-05,0,0,0,0,0,0,3.2E-05
0.000007699,4E-05,0,0,0.025,0.025,0.05,0,0.10004
0.000036528,4E-05,0,1,0.025,0.025,0.05,0,1.10004
0.000006443,4E-05,1,0,0.025,0.025,0.05,0,1.10004
0.769931271,4E-05,0,0,0,0,0,0,4E-05
