Width,Precaution,TLHarm,TNLHarm,File,Answer,Bargain,Trial,Total
0.229996798,1.2E-05,0,0,0,0,0,0,1.2E-05
0.000021240,1.2E-05,0,1,0,0,0,0,1.000012
0.000000034,1.2E-05,1,0,0,0,0,0,1.000012
0.769921095,2.4E-05,0,0,0,0,0,0,2.4E-05
0.000050537,2.4E-05,0,1,0,0,0,0,1.000024
0.000010296,2.4E-05,1,0,0,0,0,0,1.000024
