Width,Precaution,TLHarm,TNLHarm,File,Answer,Bargain,Trial,Total
0.634831600,4E-05,0,0,0,0,0,0,4E-05
0.000042209,4E-05,0,1,0,0,0,0,1.00004
0.000002303,4E-05,1,0,0,0,0,0,1.00004
0.365105888,5E-05,0,0,0,0,0,0,5E-05
0.000012188,5E-05,0,1,0,0,0,0,1.00005
0.000005813,5E-05,1,0,0,0,0,0,1.00005
