Width,Precaution,TLHarm,TNLHarm,File,Answer,Bargain,Trial,Total
0.681006378,2E-05,0,0,0,0,0,0,2E-05
0.000047007,2E-05,0,1,0,0,0,0,1.00002
0.000009312,2E-05,1,0,0,0,0,0,1.00002
0.318916327,3E-05,0,0,0,0,0,0,3E-05
0.000007759,3E-05,0,1,0,0,0,0,1.00003
0.000013217,3E-05,1,0,0,0,0,0,1.00003
