Width,Precaution,TLHarm,TNLHarm,File,Answer,Bargain,Trial,Total
0.000000007,2.4E-05,0,1,0.1,0.1,0.2,0.2,1.600024
0.399968593,2.4E-05,0,0,0,0,0,0,2.4E-05
0.000031359,2.4E-05,0,1,0,0,0,0,1.000024
0.400083257,3.6E-05,0,0,0,0,0,0,3.6E-05
0.000022412,3.6E-05,0,1,0,0,0,0,1.000036
0.199887027,4.8E-05,0,0,0,0,0,0,4.8E-05
0.000007131,4.8E-05,0,1,0,0,0,0,1.000048
0.000000214,3.6E-05,1,0,0,0,0,0,1.000036
