Width,Precaution,TLHarm,TNLHarm,File,Answer,Bargain,Trial,Total
0.341529899,3E-05,0,0,0,0,0,0,3E-05
0.000024360,3E-05,0,1,0,0,0,0,1.00003
0.000000186,3E-05,1,0,0,0,0,0,1.00003
0.000000005,4E-05,0,1,0.4,0.4,0.8,0,2.60004
0.000001998,4E-05,0,0,0.4,0,0,0,0.40004
0.000000189,4E-05,0,1,0.4,0,0,0,1.40004
0.658413372,4E-05,0,0,0,0,0,0,4E-05
0.000022889,4E-05,0,1,0,0,0,0,1.00004
0.000006937,4E-05,1,0,0.4,0,0,0,1.40004
0.000000165,4E-05,1,0,0,0,0,0,1.00004
