Width,Precaution,TLHarm,TNLHarm,File,Answer,Bargain,Trial,Total
0.000008000,0,0,0,0.4,0,0,0,0.4
0.000080011,0,1,0,0.4,0,0,0,1.4
0.800017792,0,0,0,0,0,0,0,0
0.000001999,1E-05,0,0,0.4,0,0,0,0.40001
0.000015835,1E-05,1,0,0.4,0,0,0,1.40001
0.199876364,1E-05,0,0,0,0,0,0,1E-05
