Width,Precaution,TLHarm,TNLHarm,File,Answer,Bargain,Trial,Total
0.399968595,2E-05,0,0,0,0,0,0,2E-05
0.000031366,2E-05,0,1,0,0,0,0,1.00002
0.000000005,3E-05,0,1,0.4,0.4,0.8,0.8,3.40003
0.000000089,3E-05,0,0,0.4,0,0,0,0.40003
0.000000228,3E-05,0,1,0.4,0,0,0,1.40003
0.400083167,3E-05,0,0,0,0,0,0,3E-05
0.000022179,3E-05,0,1,0,0,0,0,1.00003
0.199887027,4E-05,0,0,0,0,0,0,4E-05
0.000007131,4E-05,0,1,0,0,0,0,1.00004
0.000000214,3E-05,1,0,0.4,0,0,0,1.40003
