Width,Precaution,TLHarm,TNLHarm,File,Answer,Bargain,Trial,Total
0.000000007,2.4E-05,0,1,0.4,0.4,0.8,0,2.600024
0.000000088,2.4E-05,0,0,0.4,0,0,0,0.400024
0.000000292,2.4E-05,0,1,0.4,0,0,0,1.400024
0.000000268,2.4E-05,1,0,0.4,0,0,0,1.400024
0.399971458,2.4E-05,0,0,0,0,0,0,2.4E-05
0.000027926,2.4E-05,0,1,0,0,0,0,1.000024
0.599973406,3.2E-05,0,0,0,0,0,0,3.2E-05
0.000019453,3.2E-05,0,1,0,0,0,0,1.000032
0.000007103,3.2E-05,1,0,0,0,0,0,1.000032
