Width,Precaution,TLHarm,TNLHarm,File,Answer,Bargain,Trial,Total
0.000000007,2E-05,1,0,0.4,0,0,0,1.40002
0.399968596,2E-05,0,0,0,0,0,0,2E-05
0.000031042,2E-05,0,1,0,0,0,0,1.00002
0.000000317,2E-05,1,0,0,0,0,0,1.00002
0.199988067,3E-05,0,0,0,0,0,0,3E-05
0.000011775,3E-05,0,1,0,0,0,0,1.00003
0.399984007,4E-05,0,0,0,0,0,0,4E-05
0.000015956,4E-05,0,1,0,0,0,0,1.00004
0.000000233,3E-05,1,0,0,0,0,0,1.00003
