Width,Precaution,TLHarm,TNLHarm,File,Answer,Bargain,Trial,Total
0.000000004,2.4E-05,0,1,0.4,0.4,0.8,0,2.600024
0.000000053,2.4E-05,0,0,0.4,0,0,0,0.400024
0.000000172,2.4E-05,0,1,0.4,0,0,0,1.400024
0.599954448,2.4E-05,0,0,0,0,0,0,2.4E-05
0.000044971,2.4E-05,0,1,0,0,0,0,1.000024
0.399984084,4.8E-05,0,0,0,0,0,0,4.8E-05
0.000015956,4.8E-05,0,1,0,0,0,0,1.000048
0.000000189,2.4E-05,1,0,0.4,0,0,0,1.400024
0.000000122,2.4E-05,1,0,0,0,0,0,1.000024
