Width,Precaution,TLHarm,TNLHarm,File,Answer,Bargain,Trial,Total
0.000000008,2E-05,0,1,0.4,0.4,0.8,0,2.60002
0.199877937,2E-05,0,0,0,0,0,0,2E-05
0.000016212,2E-05,0,1,0,0,0,0,1.00002
0.200092502,3E-05,0,0,0,0,0,0,3E-05
0.000013501,3E-05,0,1,0,0,0,0,1.00003
0.599973285,4E-05,0,0,0,0,0,0,4E-05
0.000026555,4E-05,0,1,0,0,0,0,1.00004
