Width,Precaution,TLHarm,TNLHarm,File,Answer,Bargain,Trial,Total
0.199877938,2E-05,0,0,0,0,0,0,2E-05
0.000016217,2E-05,0,1,0,0,0,0,1.00002
0.000000089,3E-05,0,0,0.1,0.1,0.2,0,0.40003
0.000000265,3E-05,0,1,0.1,0.1,0.2,0,1.40003
0.400080281,3E-05,0,0,0,0,0,0,3E-05
0.000025011,3E-05,0,1,0,0,0,0,1.00003
0.399984005,4E-05,0,0,0,0,0,0,4E-05
0.000015956,4E-05,0,1,0,0,0,0,1.00004
0.000000238,3E-05,1,0,0.1,0.1,0.2,0,1.40003
