Width,Precaution,TLHarm,TNLHarm,File,Answer,Bargain,Trial,Total
0.599954501,2E-05,0,0,0,0,0,0,2E-05
0.000045147,2E-05,0,1,0,0,0,0,1.00002
0.399984084,4E-05,0,0,0,0,0,0,4E-05
0.000015956,4E-05,0,1,0,0,0,0,1.00004
0.000000007,2E-05,1,0,0.4,0,0,0,1.40002
0.000000304,2E-05,1,0,0,0,0,0,1.00002
