Width,Precaution,TLHarm,TNLHarm,File,Answer,Bargain,Trial,Total
0.000000007,2E-05,0,1,0.1,0.1,0.2,0.2,1.60002
0.000000122,2E-05,0,1,0.1,0,0,0,1.10002
0.484787881,2E-05,0,0,0,0,0,0,2E-05
0.000037082,2E-05,0,1,0,0,0,0,1.00002
0.315263080,3E-05,0,0,0,0,0,0,3E-05
0.000017317,3E-05,0,1,0,0,0,0,1.00003
0.199887034,4E-05,0,0,0,0,0,0,4E-05
0.000007131,4E-05,0,1,0,0,0,0,1.00004
0.000000132,2E-05,1,0,0.1,0,0,0,1.10002
0.000000214,3E-05,1,0,0,0,0,0,1.00003
