Width,Precaution,TLHarm,TNLHarm,File,Answer,Bargain,Trial,Total
0.000000008,2E-05,0,1,0.4,0.4,0.8,0,2.60002
0.199877937,2E-05,0,0,0,0,0,0,2E-05
0.000016212,2E-05,0,1,0,0,0,0,1.00002
0.000000006,3E-05,0,1,0.4,0.4,0.8,0,2.60003
0.000000088,3E-05,0,0,0.4,0,0,0,0.40003
0.000000259,3E-05,0,1,0.4,0,0,0,1.40003
0.400080281,3E-05,0,0,0,0,0,0,3E-05
0.000025011,3E-05,0,1,0,0,0,0,1.00003
0.399984005,4E-05,0,0,0,0,0,0,4E-05
0.000015956,4E-05,0,1,0,0,0,0,1.00004
0.000000238,3E-05,1,0,0.4,0,0,0,1.40003
