Width,Precaution,TLHarm,TNLHarm,File,Answer,Bargain,Trial,Total
0.599954501,2.4E-05,0,0,0,0,0,0,2.4E-05
0.000045147,2.4E-05,0,1,0,0,0,0,1.000024
0.399980121,3.6E-05,0,0,0,0,0,0,3.6E-05
0.000010632,3.6E-05,0,1,0,0,0,0,1.000036
0.000000007,2.4E-05,1,0,0.4,0,0,0,1.400024
0.000000304,2.4E-05,1,0,0,0,0,0,1.000024
0.000009287,3.6E-05,1,0,0,0,0,0,1.000036
