Width,Precaution,TLHarm,TNLHarm,File,Answer,Bargain,Trial,Total
0.000000114,1E-05,0,1,0.05,0.05,0.1,0,1.20001
0.000000135,1E-05,1,0,0.05,0.05,0.1,0,1.20001
0.000000043,1E-05,0,1,0.05,0.05,0.1,0.1,1.30001
0.000000121,1E-05,1,0,0.05,0.05,0.1,0.1,1.30001
0.275109263,1E-05,0,0,0,0,0,0,1E-05
0.000023801,1E-05,0,1,0,0,0,0,1.00001
0.000001182,1E-05,1,0,0,0,0,0,1.00001
0.724814834,3E-05,0,0,0,0,0,0,3E-05
0.000033326,3E-05,0,1,0,0,0,0,1.00003
0.000017181,3E-05,1,0,0,0,0,0,1.00003
