Width,Precaution,TLHarm,TNLHarm,File,Answer,Bargain,Trial,Total
0.000000166,0,0,0,0.05,0.05,0.1,0,0.2
0.000001519,0,0,1,0.05,0.05,0.1,0,1.2
0.000000147,0,1,0,0.05,0.05,0.1,0,1.2
0.000000468,0,0,0,0.05,0.05,0.1,0.1,0.3
0.000003957,0,0,1,0.05,0.05,0.1,0.1,1.3
0.000000726,0,1,0,0.05,0.05,0.1,0.1,1.3
0.365086741,0,0,0,0,0,0,0,0
0.000030038,0,0,1,0,0,0,0,1
0.000000126,0,1,0,0,0,0,0,1
0.634826582,2E-05,0,0,0,0,0,0,2E-05
0.000039262,2E-05,0,1,0,0,0,0,1.00002
0.000010267,2E-05,1,0,0,0,0,0,1.00002
