Width,Precaution,TLHarm,TNLHarm,File,Answer,Bargain,Trial,Total
0.000009999,4.8E-05,0,0,0.6,0,0,0,0.600048
0.000053207,4.8E-05,0,1,0.6,0,0,0,1.600048
0.999936794,4.8E-05,0,0,0,0,0,0,4.8E-05
