Width,Precaution,TLHarm,TNLHarm,File,Answer,Bargain,Trial,Total
0.000000094,3E-05,0,0,0.15,0.15,0.2,0.1,0.60003
0.000000547,3E-05,0,1,0.15,0.15,0.2,0.1,1.60003
0.000000051,3E-05,1,0,0.15,0.15,0.2,0.1,1.60003
0.176185538,3E-05,0,0,0,0,0,0,3E-05
0.000012013,3E-05,0,1,0,0,0,0,1.00003
0.000000020,3E-05,1,0,0,0,0,0,1.00003
0.823760363,4E-05,0,0,0,0,0,0,4E-05
0.000041375,4E-05,0,1,0,0,0,0,1.00004
