Width,Precaution,TLHarm,TNLHarm,File,Answer,Bargain,Trial,Total
0.000009999,3.2E-05,0,0,0.6,0,0,0,0.600032
0.000044564,3.2E-05,0,1,0.6,0,0,0,1.600032
0.000008642,3.2E-05,1,0,0.6,0,0,0,1.600032
0.999936794,3.2E-05,0,0,0,0,0,0,3.2E-05
