Width,Precaution,TLHarm,TNLHarm,File,Answer,Bargain,Trial,Total
0.000000411,2E-05,0,0,0.15,0.15,0.2,0.1,0.60002
0.000002175,2E-05,0,1,0.15,0.15,0.2,0.1,1.60002
0.000000727,2E-05,1,0,0.15,0.15,0.2,0.1,1.60002
0.391847895,2E-05,0,0,0,0,0,0,2E-05
0.000027005,2E-05,0,1,0,0,0,0,1.00002
0.000000271,2E-05,1,0,0,0,0,0,1.00002
0.608088224,3E-05,0,0,0,0,0,0,3E-05
0.000022670,3E-05,0,1,0,0,0,0,1.00003
0.000010622,3E-05,1,0,0,0,0,0,1.00003
