Width,Precaution,TLHarm,TNLHarm,File,Answer,Bargain,Trial,Total
0.000000376,3E-05,0,0,0.15,0.15,0.2,0.1,0.60003
0.000000499,3E-05,0,1,0.15,0.15,0.2,0.1,1.60003
0.000001502,3E-05,1,0,0.15,0.15,0.2,0.1,1.60003
0.608080975,3E-05,0,0,0,0,0,0,3E-05
0.000034897,3E-05,0,1,0,0,0,0,1.00003
0.000003268,3E-05,1,0,0,0,0,0,1.00003
0.391861909,4E-05,0,0,0,0,0,0,4E-05
0.000016574,4E-05,0,1,0,0,0,0,1.00004
