Width,Precaution,TLHarm,TNLHarm,File,Answer,Bargain,Trial,Total
0.000009609,3E-05,0,0,0.0375,0.0375,0.05,0,0.12503
0.000049050,3E-05,0,1,0.0375,0.0375,0.05,0,1.12503
0.000009445,3E-05,1,0,0.0375,0.0375,0.05,0,1.12503
0.000000390,3E-05,0,0,0.0375,0.0375,0.05,0.025,0.15003
0.000000658,3E-05,0,1,0.0375,0.0375,0.05,0.025,1.15003
0.000001274,3E-05,1,0,0.0375,0.0375,0.05,0.025,1.15003
0.999929574,3E-05,0,0,0,0,0,0,3E-05
