Width,Precaution,TLHarm,TNLHarm,File,Answer,Bargain,Trial,Total
0.000009999,1E-05,0,0,0.025,0.025,0.05,0,0.10001
0.000044852,1E-05,0,1,0.025,0.025,0.05,0,1.10001
0.000044940,1E-05,1,0,0.025,0.025,0.05,0,1.10001
0.999900209,1E-05,0,0,0,0,0,0,1E-05
