Width,Precaution,TLHarm,TNLHarm,File,Answer,Bargain,Trial,Total
0.999919419,2E-05,0,0,0,0,0,0,2E-05
0.000050424,2E-05,0,1,0,0,0,0,1.00002
0.000030157,2E-05,1,0,0,0,0,0,1.00002
