Width,Precaution,TLHarm,TNLHarm,File,Answer,Bargain,Trial,Total
0.000007605,2.4E-05,0,0,0.025,0.025,0.05,0.05,0.150024
0.000028964,2.4E-05,0,1,0.025,0.025,0.05,0.05,1.150024
0.000026392,2.4E-05,1,0,0.025,0.025,0.05,0.05,1.150024
0.760512791,2.4E-05,0,0,0,0,0,0,2.4E-05
0.000002394,3.2E-05,0,0,0.025,0.025,0.05,0,0.100032
0.000010613,3.2E-05,0,1,0.025,0.025,0.05,0,1.100032
0.000004658,3.2E-05,1,0,0.025,0.025,0.05,0,1.100032
0.239406583,3.2E-05,0,0,0,0,0,0,3.2E-05
