Width,Precaution,TLHarm,TNLHarm,File,Answer,Bargain,Trial,Total
0.000009999,2E-05,0,0,0.025,0.025,0.05,0,0.10002
0.000050424,2E-05,0,1,0.025,0.025,0.05,0,1.10002
0.000030157,2E-05,1,0,0.025,0.025,0.05,0,1.10002
0.999909420,2E-05,0,0,0,0,0,0,2E-05
