Width,Precaution,TLHarm,TNLHarm,File,Answer,Bargain,Trial,Total
0.000009999,0,0,0,0.025,0.025,0.05,0,0.1
0.000062499,0,0,1,0.025,0.025,0.05,0,1.1
0.000037501,0,1,0,0.025,0.025,0.05,0,1.1
0.999890001,0,0,0,0,0,0,0,0
