Width,Precaution,TLHarm,TNLHarm,File,Answer,Bargain,Trial,Total
0.000009999,3E-05,0,0,0.025,0.025,0.05,0.05,0.15003
0.000036253,3E-05,0,1,0.025,0.025,0.05,0.05,1.15003
0.000036154,3E-05,1,0,0.025,0.025,0.05,0.05,1.15003
0.999917593,3E-05,0,0,0,0,0,0,3E-05
