Width,Precaution,TLHarm,TNLHarm,File,Answer,Bargain,Trial,Total
0.000009999,3.2E-05,0,0,0.025,0.025,0.05,0,0.100032
0.000049086,3.2E-05,0,1,0.025,0.025,0.05,0,1.100032
0.000016238,3.2E-05,1,0,0.025,0.025,0.05,0,1.100032
0.999924676,3.2E-05,0,0,0,0,0,0,3.2E-05
