Width,Precaution,TLHarm,TNLHarm,File,Answer,Bargain,Trial,Total
0.000000622,3.2E-05,0,0,0.1,0.1,0.2,0,0.400032
0.000000186,3.2E-05,0,1,0.1,0.1,0.2,0,1.400032
0.000002085,3.2E-05,1,0,0.1,0.1,0.2,0,1.400032
0.000001319,3.2E-05,0,0,0.1,0.1,0.2,0.2,0.600032
0.000000689,3.2E-05,0,1,0.1,0.1,0.2,0.2,1.600032
0.000004201,3.2E-05,1,0,0.1,0.1,0.2,0.2,1.600032
0.999944853,3.2E-05,0,0,0,0,0,0,3.2E-05
0.000044549,3.2E-05,0,1,0,0,0,0,1.000032
0.000001497,3.2E-05,1,0,0,0,0,0,1.000032
