Width,Precaution,TLHarm,TNLHarm,File,Answer,Bargain,Trial,Total
0.000000340,3E-05,0,0,0.1,0.1,0.2,0.2,0.60003
0.000000333,3E-05,0,1,0.1,0.1,0.2,0.2,1.60003
0.000001298,3E-05,1,0,0.1,0.1,0.2,0.2,1.60003
0.386051641,3E-05,0,0,0,0,0,0,3E-05
0.000023161,3E-05,0,1,0,0,0,0,1.00003
0.000000273,3E-05,1,0,0,0,0,0,1.00003
0.613892452,4E-05,0,0,0,0,0,0,4E-05
0.000030503,4E-05,0,1,0,0,0,0,1.00004
