Width,Precaution,TLHarm,TNLHarm,File,Answer,Bargain,Trial,Total
0.000003659,3.2E-05,0,0,0.1,0.1,0.2,0,0.400032
0.000008176,3.2E-05,0,1,0.1,0.1,0.2,0,1.400032
0.000006749,3.2E-05,1,0,0.1,0.1,0.2,0,1.400032
0.000000340,3.2E-05,0,0,0.1,0.1,0.2,0.2,0.600032
0.000000251,3.2E-05,0,1,0.1,0.1,0.2,0.2,1.600032
0.000001025,3.2E-05,1,0,0.1,0.1,0.2,0.2,1.600032
0.999942802,3.2E-05,0,0,0,0,0,0,3.2E-05
0.000036997,3.2E-05,0,1,0,0,0,0,1.000032
