Width,Precaution,TLHarm,TNLHarm,File,Answer,Bargain,Trial,Total
0.000001122,3E-05,0,0,0.025,0.025,0.05,0,0.10003
0.000008049,3E-05,0,1,0.025,0.025,0.05,0,1.10003
0.000000608,3E-05,0,0,0.025,0.025,0.05,0.05,0.15003
0.000002037,3E-05,0,1,0.025,0.025,0.05,0.05,1.15003
0.000001420,3E-05,1,0,0.025,0.025,0.05,0.05,1.15003
0.173004038,3E-05,0,0,0,0,0,0,3E-05
0.000008269,4E-05,0,0,0.025,0.025,0.05,0,0.10004
0.000042693,4E-05,0,1,0.025,0.025,0.05,0,1.10004
0.826931765,4E-05,0,0,0,0,0,0,4E-05
