Width,Precaution,TLHarm,TNLHarm,File,Answer,Bargain,Trial,Total
0.000003659,4E-05,0,0,0.1,0.1,0.2,0,0.40004
0.000008176,4E-05,0,1,0.1,0.1,0.2,0,1.40004
0.000006749,4E-05,1,0,0.1,0.1,0.2,0,1.40004
0.000000340,4E-05,0,0,0.1,0.1,0.2,0.2,0.60004
0.000000251,4E-05,0,1,0.1,0.1,0.2,0.2,1.60004
0.000001025,4E-05,1,0,0.1,0.1,0.2,0.2,1.60004
0.999942802,4E-05,0,0,0,0,0,0,4E-05
0.000036997,4E-05,0,1,0,0,0,0,1.00004
