Width,Precaution,TLHarm,TNLHarm,File,Answer,Bargain,Trial,Total
0.000004380,3E-05,0,0,0.025,0.025,0.05,0,0.10003
0.000029836,3E-05,0,1,0.025,0.025,0.05,0,1.10003
0.000001759,3E-05,0,0,0.025,0.025,0.05,0.05,0.15003
0.000005386,3E-05,0,1,0.025,0.025,0.05,0.05,1.15003
0.000003601,3E-05,1,0,0.025,0.025,0.05,0.05,1.15003
0.613877992,3E-05,0,0,0,0,0,0,3E-05
0.000003861,4E-05,0,0,0.025,0.025,0.05,0,0.10004
0.000018383,4E-05,0,1,0.025,0.025,0.05,0,1.10004
0.386054803,4E-05,0,0,0,0,0,0,4E-05
