Width,Precaution,TLHarm,TNLHarm,File,Answer,Bargain,Trial,Total
0.000006001,4E-05,0,0,0.025,0.025,0.05,0,0.10004
0.000036997,4E-05,0,1,0.025,0.025,0.05,0,1.10004
0.000003999,4E-05,0,0,0.025,0.025,0.05,0.05,0.15004
0.000008427,4E-05,0,1,0.025,0.025,0.05,0.05,1.15004
0.000007774,4E-05,1,0,0.025,0.025,0.05,0.05,1.15004
0.999936802,4E-05,0,0,0,0,0,0,4E-05
