Width,Precaution,TLHarm,TNLHarm,File,Answer,Bargain,Trial,Total
0.000000866,3.6E-05,0,0,0.1,0.1,0.2,0.2,0.600036
0.000002900,3.6E-05,0,1,0.1,0.1,0.2,0.2,1.600036
0.000001569,3.6E-05,1,0,0.1,0.1,0.2,0.2,1.600036
0.386051115,3.6E-05,0,0,0,0,0,0,3.6E-05
0.000020593,3.6E-05,0,1,0,0,0,0,1.000036
0.613892453,4.8E-05,0,0,0,0,0,0,4.8E-05
0.000030503,4.8E-05,0,1,0,0,0,0,1.000048
