Width,Precaution,TLHarm,TNLHarm,File,Answer,Bargain,Trial,Total
0.999946793,4E-05,0,0,0,0,0,0,4E-05
0.000045425,4E-05,0,1,0,0,0,0,1.00004
0.000007782,4E-05,1,0,0,0,0,0,1.00004
