Width,Precaution,TLHarm,TNLHarm,File,Answer,Bargain,Trial,Total
0.000008240,3.2E-05,0,0,0.025,0.025,0.05,0,0.100032
0.000040986,3.2E-05,0,1,0.025,0.025,0.05,0,1.100032
0.000004913,3.2E-05,1,0,0.025,0.025,0.05,0,1.100032
0.000001759,3.2E-05,0,0,0.025,0.025,0.05,0.05,0.150032
0.000004439,3.2E-05,0,1,0.025,0.025,0.05,0.05,1.150032
0.000002869,3.2E-05,1,0,0.025,0.025,0.05,0.05,1.150032
0.999936794,3.2E-05,0,0,0,0,0,0,3.2E-05
