Width,Precaution,TLHarm,TNLHarm,File,Answer,Bargain,Trial,Total
0.000000622,4E-05,0,0,0.1,0.1,0.2,0,0.40004
0.000000186,4E-05,0,1,0.1,0.1,0.2,0,1.40004
0.000002085,4E-05,1,0,0.1,0.1,0.2,0,1.40004
0.000001319,4E-05,0,0,0.1,0.1,0.2,0.2,0.60004
0.000000689,4E-05,0,1,0.1,0.1,0.2,0.2,1.60004
0.000004201,4E-05,1,0,0.1,0.1,0.2,0.2,1.60004
0.999944853,4E-05,0,0,0,0,0,0,4E-05
0.000044549,4E-05,0,1,0,0,0,0,1.00004
0.000001497,4E-05,1,0,0,0,0,0,1.00004
