Width,Precaution,TLHarm,TNLHarm,File,Answer,Bargain,Trial,Total
0.000002240,3E-05,0,0,0.025,0.025,0.05,0,0.10003
0.000015998,3E-05,0,1,0.025,0.025,0.05,0,1.10003
0.000001621,3E-05,0,0,0.025,0.025,0.05,0.05,0.15003
0.000004793,3E-05,0,1,0.025,0.025,0.05,0.05,1.15003
0.000004271,3E-05,1,0,0.025,0.025,0.05,0.05,1.15003
0.386048121,3E-05,0,0,0,0,0,0,3E-05
0.000006139,4E-05,0,0,0.025,0.025,0.05,0,0.10004
0.000030503,4E-05,0,1,0.025,0.025,0.05,0,1.10004
0.613886314,4E-05,0,0,0,0,0,0,4E-05
