Width,Precaution,TLHarm,TNLHarm,File,Answer,Bargain,Trial,Total
0.000006001,3.2E-05,0,0,0.025,0.025,0.05,0,0.100032
0.000036997,3.2E-05,0,1,0.025,0.025,0.05,0,1.100032
0.000003999,3.2E-05,0,0,0.025,0.025,0.05,0.05,0.150032
0.000008427,3.2E-05,0,1,0.025,0.025,0.05,0.05,1.150032
0.000007774,3.2E-05,1,0,0.025,0.025,0.05,0.05,1.150032
0.999936802,3.2E-05,0,0,0,0,0,0,3.2E-05
