Width,Precaution,TLHarm,TNLHarm,File,Answer,Bargain,Trial,Total
0.229995024,0,0,0,0,0,0,0,0
0.000022796,0,0,1,0,0,0,0,1
0.000000206,0,1,0,0,0,0,0,1
0.269957556,1.2E-05,0,0,0,0,0,0,1.2E-05
0.000023478,1.2E-05,0,1,0,0,0,0,1.000012
0.000001039,1.2E-05,1,0,0,0,0,0,1.000012
0.499961368,2.4E-05,0,0,0,0,0,0,2.4E-05
0.000028446,2.4E-05,0,1,0,0,0,0,1.000024
0.000010086,2.4E-05,1,0,0,0,0,0,1.000024
