Width,Precaution,TLHarm,TNLHarm,File,Answer,Bargain,Trial,Total
0.365087303,0,0,0,0,0,0,0,0
0.000035514,0,0,1,0,0,0,0,1
0.000000999,0,1,0,0,0,0,0,1
0.269728173,1.2E-05,0,0,0,0,0,0,1.2E-05
0.000020879,1.2E-05,0,1,0,0,0,0,1.000012
0.000003317,1.2E-05,1,0,0,0,0,0,1.000012
0.365095980,2.4E-05,0,0,0,0,0,0,2.4E-05
0.000018485,2.4E-05,0,1,0,0,0,0,1.000024
0.000009350,2.4E-05,1,0,0,0,0,0,1.000024
