Width,Precaution,TLHarm,TNLHarm,File,Answer,Bargain,Trial,Total
0.102822910,2.4E-05,0,0,0,0,0,0,2.4E-05
0.000008214,2.4E-05,0,1,0,0,0,0,1.000024
0.000000119,2.4E-05,1,0,0,0,0,0,1.000024
0.262273691,3.2E-05,0,0,0,0,0,0,3.2E-05
0.000018925,3.2E-05,0,1,0,0,0,0,1.000032
0.000000155,3.2E-05,1,0,0,0,0,0,1.000032
0.634842010,4E-05,0,0,0,0,0,0,4E-05
0.000027552,4E-05,0,1,0,0,0,0,1.00004
0.000006423,4E-05,1,0,0,0,0,0,1.00004
