Width,Precaution,TLHarm,TNLHarm,File,Answer,Bargain,Trial,Total
0.229994978,0,0,0,0,0,0,0,0
0.000020251,0,0,1,0,0,0,0,1
0.000002751,0,1,0,0,0,0,0,1
0.135093619,1E-05,0,0,0,0,0,0,1E-05
0.000010362,1E-05,0,1,0,0,0,0,1.00001
0.000001980,1E-05,1,0,0,0,0,0,1.00001
0.404829447,3E-05,0,0,0,0,0,0,3E-05
0.000022250,3E-05,0,1,0,0,0,0,1.00003
0.000006380,3E-05,1,0,0,0,0,0,1.00003
0.230005174,4E-05,0,0,0,0,0,0,4E-05
0.000012806,4E-05,0,1,0,0,0,0,1.00004
