Width,Precaution,TLHarm,TNLHarm,File,Answer,Bargain,Trial,Total
0.634827807,3E-05,0,0,0,0,0,0,3E-05
0.000045570,3E-05,0,1,0,0,0,0,1.00003
0.000002734,3E-05,1,0,0,0,0,0,1.00003
0.365103076,4E-05,0,0,0,0,0,0,4E-05
0.000020812,4E-05,0,1,0,0,0,0,1.00004
