Width,Precaution,TLHarm,TNLHarm,File,Answer,Bargain,Trial,Total
0.102821678,1E-05,0,0,0,0,0,0,1E-05
0.000009402,1E-05,0,1,0,0,0,0,1.00001
0.000000143,1E-05,1,0,0,0,0,0,1.00001
0.127176104,2E-05,0,0,0,0,0,0,2E-05
0.000010709,2E-05,0,1,0,0,0,0,1.00002
0.000000144,2E-05,1,0,0,0,0,0,1.00002
0.404828202,3E-05,0,0,0,0,0,0,3E-05
0.000027167,3E-05,0,1,0,0,0,0,1.00003
0.000002708,3E-05,1,0,0,0,0,0,1.00003
0.365102930,4E-05,0,0,0,0,0,0,4E-05
0.000020812,4E-05,0,1,0,0,0,0,1.00004
