Width,Precaution,TLHarm,TNLHarm,File,Answer,Bargain,Trial,Total
0.365087303,0,0,0,0,0,0,0,0
0.000029034,0,0,1,0,0,0,0,1
0.000007478,0,1,0,0,0,0,0,1
0.134864110,1E-05,0,0,0,0,0,0,1E-05
0.000007707,1E-05,0,1,0,0,0,0,1.00001
0.000004468,1E-05,1,0,0,0,0,0,1.00001
0.499966277,3E-05,0,0,0,0,0,0,3E-05
0.000017194,3E-05,0,1,0,0,0,0,1.00003
0.000016429,3E-05,1,0,0,0,0,0,1.00003
