Width,Precaution,TLHarm,TNLHarm,File,Answer,Bargain,Trial,Total
0.229999598,2.4E-05,0,0,0,0,0,0,2.4E-05
0.000017786,2.4E-05,0,1,0,0,0,0,1.000024
0.000000643,2.4E-05,1,0,0,0,0,0,1.000024
0.269963379,3.2E-05,0,0,0,0,0,0,3.2E-05
0.000018006,3.2E-05,0,1,0,0,0,0,1.000032
0.000000689,3.2E-05,1,0,0,0,0,0,1.000032
0.499974259,4E-05,0,0,0,0,0,0,4E-05
0.000019342,4E-05,0,1,0,0,0,0,1.00004
0.000006299,4E-05,1,0,0,0,0,0,1.00004
