Width,Precaution,TLHarm,TNLHarm,File,Answer,Bargain,Trial,Total
0.224509202,3E-05,0,0,0,0,0,0,3E-05
0.000017373,3E-05,0,1,0,0,0,0,1.00003
0.000000620,3E-05,1,0,0,0,0,0,1.00003
0.140586788,4E-05,0,0,0,0,0,0,4E-05
0.000009898,4E-05,0,1,0,0,0,0,1.00004
0.000000134,4E-05,1,0,0,0,0,0,1.00004
0.634842010,5E-05,0,0,0,0,0,0,5E-05
0.000027552,5E-05,0,1,0,0,0,0,1.00005
0.000006423,5E-05,1,0,0,0,0,0,1.00005
