Width,Precaution,TLHarm,TNLHarm,File,Answer,Bargain,Trial,Total
0.365087303,0,0,0,0,0,0,0,0
0.000035514,0,0,1,0,0,0,0,1
0.000000999,0,1,0,0,0,0,0,1
0.134864110,1E-05,0,0,0,0,0,0,1E-05
0.000011332,1E-05,0,1,0,0,0,0,1.00001
0.000000843,1E-05,1,0,0,0,0,0,1.00001
0.499961368,2E-05,0,0,0,0,0,0,2E-05
0.000028446,2E-05,0,1,0,0,0,0,1.00002
0.000010086,2E-05,1,0,0,0,0,0,1.00002
