Width,Precaution,TLHarm,TNLHarm,File,Answer,Bargain,Trial,Total
0.365092764,2E-05,0,0,0,0,0,0,2E-05
0.000030250,2E-05,0,1,0,0,0,0,1.00002
0.000000801,2E-05,1,0,0,0,0,0,1.00002
0.269732889,3E-05,0,0,0,0,0,0,3E-05
0.000016923,3E-05,0,1,0,0,0,0,1.00003
0.000002557,3E-05,1,0,0,0,0,0,1.00003
0.365103003,4E-05,0,0,0,0,0,0,4E-05
0.000020812,4E-05,0,1,0,0,0,0,1.00004
