Width,Precaution,TLHarm,TNLHarm,File,Answer,Bargain,Trial,Total
0.000000043,3E-05,0,0,0.1,0.1,0.2,0.2,0.60003
0.000000237,3E-05,0,1,0.1,0.1,0.2,0.2,1.60003
0.000000032,3E-05,1,0,0.1,0.1,0.2,0.2,1.60003
0.176185589,3E-05,0,0,0,0,0,0,3E-05
0.000012322,3E-05,0,1,0,0,0,0,1.00003
0.000000039,3E-05,1,0,0,0,0,0,1.00003
0.823760363,4E-05,0,0,0,0,0,0,4E-05
0.000041375,4E-05,0,1,0,0,0,0,1.00004
