Width,Precaution,TLHarm,TNLHarm,File,Answer,Bargain,Trial,Total
0.000001701,3E-05,0,0,0.025,0.025,0.05,0,0.10003
0.000012209,3E-05,0,1,0.025,0.025,0.05,0,1.10003
0.000000032,3E-05,1,0,0.025,0.025,0.05,0,1.10003
0.000000350,3E-05,0,1,0.025,0.025,0.05,0.05,1.15003
0.000000039,3E-05,1,0,0.025,0.025,0.05,0.05,1.15003
0.176183881,3E-05,0,0,0,0,0,0,3E-05
0.000008238,4E-05,0,0,0.025,0.025,0.05,0,0.10004
0.000041375,4E-05,0,1,0.025,0.025,0.05,0,1.10004
0.823752176,4E-05,0,0,0,0,0,0,4E-05
