Width,Precaution,TLHarm,TNLHarm,File,Answer,Bargain,Trial,Total
0.000001386,3.6E-05,0,0,0.1,0.1,0.2,0,0.400036
0.000001584,3.6E-05,0,1,0.1,0.1,0.2,0,1.400036
0.000005131,3.6E-05,1,0,0.1,0.1,0.2,0,1.400036
0.000000376,3.6E-05,0,0,0.1,0.1,0.2,0.2,0.600036
0.000001383,3.6E-05,0,1,0.1,0.1,0.2,0.2,1.600036
0.000000618,3.6E-05,1,0,0.1,0.1,0.2,0.2,1.600036
0.999937812,3.6E-05,0,0,0,0,0,0,3.6E-05
0.000046740,3.6E-05,0,1,0,0,0,0,1.000036
0.000004970,3.6E-05,1,0,0,0,0,0,1.000036
