Width,Precaution,TLHarm,TNLHarm,File,Answer,Bargain,Trial,Total
0.608069145,1.2E-05,0,0,0,0,0,0,1.2E-05
0.000018061,1.2E-05,0,1,0,0,0,0,1.000012
0.000034310,1.2E-05,1,0,0,0,0,0,1.000012
0.391853105,2.4E-05,0,0,0,0,0,0,2.4E-05
0.000005130,2.4E-05,0,1,0,0,0,0,1.000024
0.000020248,2.4E-05,1,0,0,0,0,0,1.000024
