Width,Precaution,TLHarm,TNLHarm,File,Answer,Bargain,Trial,Total
0.999914143,1E-05,0,0,0,0,0,0,1E-05
0.000018201,1E-05,0,1,0,0,0,0,1.00001
0.000051768,1E-05,1,0,0,0,0,0,1.00001
0.000000015,1E-05,0,0,0.8,0.4,0.8,0,2.00001
0.000000122,1E-05,1,0,0.8,0.4,0.8,0,3.00001
0.000001747,1E-05,0,0,0.8,0,0,0,0.80001
0.000014003,1E-05,1,0,0.8,0,0,0,1.80001
