Width,Precaution,TLHarm,TNLHarm,File,Answer,Bargain,Trial,Total
0.927824590,3E-05,0,0,0,0,0,0,3E-05
0.000039290,3E-05,0,1,0,0,0,0,1.00003
0.000017568,3E-05,1,0,0,0,0,0,1.00003
0.072115707,4E-05,0,0,0,0,0,0,4E-05
0.000002844,4E-05,0,1,0,0,0,0,1.00004
