Width,Precaution,TLHarm,TNLHarm,File,Answer,Bargain,Trial,Total
0.999939574,3E-05,0,0,0,0,0,0,3E-05
0.000028001,3E-05,0,1,0,0,0,0,1.00003
0.000032426,3E-05,1,0,0,0,0,0,1.00003
