Width,Precaution,TLHarm,TNLHarm,File,Answer,Bargain,Trial,Total
0.000000015,3E-05,0,0,0.8,0.4,0.8,0,2.00003
0.000000068,3E-05,0,1,0.8,0.4,0.8,0,3.00003
0.000000021,3E-05,1,0,0.8,0.4,0.8,0,3.00003
0.000001747,3E-05,0,0,0.8,0,0,0,0.80003
0.000000575,3E-05,0,1,0.8,0,0,0,1.80003
0.000008052,3E-05,1,0,0.8,0,0,0,1.80003
0.999937812,3E-05,0,0,0,0,0,0,3E-05
0.000038911,3E-05,0,1,0,0,0,0,1.00003
0.000012800,3E-05,1,0,0,0,0,0,1.00003
