Width,Precaution,TLHarm,TNLHarm,File,Answer,Bargain,Trial,Total
0.000009999,4E-05,0,0,0.05,0.025,0.05,0,0.12504
0.000044564,4E-05,0,1,0.05,0.025,0.05,0,1.12504
0.000008642,4E-05,1,0,0.05,0.025,0.05,0,1.12504
0.999936794,4E-05,0,0,0,0,0,0,4E-05
