Width,Precaution,TLHarm,TNLHarm,File,Answer,Bargain,Trial,Total
0.000000094,3E-05,0,0,0.2,0.1,0.2,0.3,0.80003
0.000000311,3E-05,0,1,0.2,0.1,0.2,0.3,1.80003
0.000000287,3E-05,1,0,0.2,0.1,0.2,0.3,1.80003
0.176185538,3E-05,0,0,0,0,0,0,3E-05
0.000011525,3E-05,0,1,0,0,0,0,1.00003
0.000000508,3E-05,1,0,0,0,0,0,1.00003
0.823760363,4E-05,0,0,0,0,0,0,4E-05
0.000032735,4E-05,0,1,0,0,0,0,1.00004
0.000008640,4E-05,1,0,0,0,0,0,1.00004
