Width,Precaution,TLHarm,TNLHarm,File,Answer,Bargain,Trial,Total
0.249972477,0,0,0,0,0,0,0,0
0.000024999,0,0,1,0,0,0,0,1
0.124991133,1E-05,0,0,0,0,0,0,1E-05
0.000011415,1E-05,0,1,0,0,0,0,1.00001
0.124989910,2E-05,0,0,0,0,0,0,2E-05
0.000010166,2E-05,0,1,0,0,0,0,1.00002
0.124991273,3E-05,0,0,0,0,0,0,3E-05
0.000008802,3E-05,0,1,0,0,0,0,1.00003
0.374979064,4E-05,0,0,0,0,0,0,4E-05
0.000020761,4E-05,0,1,0,0,0,0,1.00004
