Width,Precaution,TLHarm,TNLHarm,File,Answer,Bargain,Trial,Total
0.249972530,0,0,0,0,0,0,0,0
0.000024999,0,0,1,0,0,0,0,1
0.249979780,1E-05,0,0,0,0,0,0,1E-05
0.000021564,1E-05,0,1,0,0,0,0,1.00001
0.124990206,2E-05,0,0,0,0,0,0,2E-05
0.000008918,2E-05,0,1,0,0,0,0,1.00002
0.374979144,4E-05,0,0,0,0,0,0,4E-05
0.000020761,4E-05,0,1,0,0,0,0,1.00004
0.000000126,1E-05,1,0,0.4,0,0,0,1.40001
0.000000994,1E-05,1,0,0,0,0,0,1.00001
0.000000979,2E-05,1,0,0,0,0,0,1.00002
