Width,Precaution,TLHarm,TNLHarm,File,Answer,Bargain,Trial,Total
0.123429641,8E-06,0,0,0,0,0,0,8E-06
0.000011573,8E-06,0,1,0,0,0,0,1.000008
0.126545623,1.6E-05,0,0,0,0,0,0,1.6E-05
0.000010892,1.6E-05,0,1,0,0,0,0,1.000016
0.249983651,2.4E-05,0,0,0,0,0,0,2.4E-05
0.000017900,2.4E-05,0,1,0,0,0,0,1.000024
0.499975005,4E-05,0,0,0,0,0,0,4E-05
0.000019392,4E-05,0,1,0,0,0,0,1.00004
0.000000099,2.4E-05,1,0,0.4,0,0,0,1.400024
0.000000813,2.4E-05,1,0,0,0,0,0,1.000024
0.000005410,4E-05,1,0,0,0,0,0,1.00004
