Width,Precaution,TLHarm,TNLHarm,File,Answer,Bargain,Trial,Total
0.000000055,0,1,0,0.4,0.4,0.8,0,2.6
0.000000086,0,1,0,0.4,0,0,0,1.4
0.499949893,0,0,0,0,0,0,0,0
0.000037463,0,0,1,0,0,0,0,1
0.000012395,0,1,0,0,0,0,0,1
0.376529800,2E-05,0,0,0,0,0,0,2E-05
0.000009884,2E-05,0,1,0,0,0,0,1.00002
0.123433555,3E-05,0,0,0,0,0,0,3E-05
0.000019184,2E-05,1,0,0,0,0,0,1.00002
0.000007684,3E-05,1,0,0,0,0,0,1.00003
