Width,Precaution,TLHarm,TNLHarm,File,Answer,Bargain,Trial,Total
0.000000007,0,0,0,0.4,0.4,0.8,0,1.6
0.000000069,0,1,0,0.4,0.4,0.8,0,2.6
0.374962472,0,0,0,0,0,0,0,0
0.000036237,0,0,1,0,0,0,0,1
0.000001194,0,1,0,0,0,0,0,1
0.249979979,2E-05,0,0,0,0,0,0,2E-05
0.000019083,2E-05,0,1,0,0,0,0,1.00002
0.374979218,4E-05,0,0,0,0,0,0,4E-05
0.000020761,4E-05,0,1,0,0,0,0,1.00004
0.000000096,2E-05,1,0,0.4,0,0,0,1.40002
0.000000884,2E-05,1,0,0,0,0,0,1.00002
