Width,Precaution,TLHarm,TNLHarm,File,Answer,Bargain,Trial,Total
0.624937446,0,0,0,0,0,0,0,0
0.000061254,0,0,1,0,0,0,0,1
0.374971783,2E-05,0,0,0,0,0,0,2E-05
0.000018940,2E-05,0,1,0,0,0,0,1.00002
0.000000141,0,1,0,0.4,0,0,0,1.4
0.000001105,0,1,0,0,0,0,0,1
0.000009332,2E-05,1,0,0,0,0,0,1.00002
