Width,Precaution,TLHarm,TNLHarm,File,Answer,Bargain,Trial,Total
0.000000248,0,0,0,0.2,0.2,0.4,0,0.8
0.000001044,0,0,1,0.2,0.2,0.4,0,1.8
0.000001435,0,1,0,0.2,0.2,0.4,0,1.8
0.000000041,0,0,0,0.2,0.2,0.4,0.4,1.2
0.000000322,0,0,1,0.2,0.2,0.4,0.4,2.2
0.000000087,0,1,0,0.2,0.2,0.4,0.4,2.2
0.499949711,0,0,0,0,0,0,0,0
0.000045173,0,0,1,0,0,0,0,1
0.000001939,0,1,0,0,0,0,0,1
0.499955999,1.2E-05,0,0,0,0,0,0,1.2E-05
0.000022165,1.2E-05,0,1,0,0,0,0,1.000012
0.000021835,1.2E-05,1,0,0,0,0,0,1.000012
