Width,Precaution,TLHarm,TNLHarm,File,Answer,Bargain,Trial,Total
0.929889229,3.2E-05,0,0,0,0,0,0,3.2E-05
0.000048459,3.2E-05,0,1,0,0,0,0,1.000032
0.000012715,3.2E-05,1,0,0,0,0,0,1.000032
0.070045950,4E-05,0,0,0,0,0,0,4E-05
0.000003003,4E-05,0,1,0,0,0,0,1.00004
0.000000645,4E-05,1,0,0,0,0,0,1.00004
