Width,Precaution,TLHarm,TNLHarm,File,Answer,Bargain,Trial,Total
0.772190727,2E-05,0,0,0,0,0,0,2E-05
0.000049449,2E-05,0,1,0,0,0,0,1.00002
0.000013923,2E-05,1,0,0,0,0,0,1.00002
0.227731096,3E-05,0,0,0,0,0,0,3E-05
0.000004200,3E-05,0,1,0,0,0,0,1.00003
0.000010605,3E-05,1,0,0,0,0,0,1.00003
