Width,Precaution,TLHarm,TNLHarm,File,Answer,Bargain,Trial,Total
0.176184387,2E-05,0,0,0,0,0,0,2E-05
0.000013800,2E-05,0,1,0,0,0,0,1.00002
0.000000076,2E-05,1,0,0,0,0,0,1.00002
0.823753942,3E-05,0,0,0,0,0,0,3E-05
0.000037080,3E-05,0,1,0,0,0,0,1.00003
0.000010716,3E-05,1,0,0,0,0,0,1.00003
