Width,Precaution,TLHarm,TNLHarm,File,Answer,Bargain,Trial,Total
0.176184351,2E-05,0,0,0,0,0,0,2E-05
0.000013022,2E-05,0,1,0,0,0,0,1.00002
0.000000853,2E-05,1,0,0,0,0,0,1.00002
0.431895832,3E-05,0,0,0,0,0,0,3E-05
0.000022836,3E-05,0,1,0,0,0,0,1.00003
0.000004699,3E-05,1,0,0,0,0,0,1.00003
0.391861831,4E-05,0,0,0,0,0,0,4E-05
0.000016574,4E-05,0,1,0,0,0,0,1.00004
