Width,Precaution,TLHarm,TNLHarm,File,Answer,Bargain,Trial,Total
0.176184387,2.4E-05,0,0,0,0,0,0,2.4E-05
0.000013800,2.4E-05,0,1,0,0,0,0,1.000024
0.000000076,2.4E-05,1,0,0,0,0,0,1.000024
0.823753942,3.6E-05,0,0,0,0,0,0,3.6E-05
0.000037080,3.6E-05,0,1,0,0,0,0,1.000036
0.000010716,3.6E-05,1,0,0,0,0,0,1.000036
