Width,Precaution,TLHarm,TNLHarm,File,Answer,Bargain,Trial,Total
0.176185632,2.4E-05,0,0,0,0,0,0,2.4E-05
0.000011836,2.4E-05,0,1,0,0,0,0,1.000024
0.000000795,2.4E-05,1,0,0,0,0,0,1.000024
0.823760363,3.2E-05,0,0,0,0,0,0,3.2E-05
0.000032735,3.2E-05,0,1,0,0,0,0,1.000032
0.000008640,3.2E-05,1,0,0,0,0,0,1.000032
