Width,Precaution,TLHarm,TNLHarm,File,Answer,Bargain,Trial,Total
0.176184351,2.4E-05,0,0,0,0,0,0,2.4E-05
0.000013800,2.4E-05,0,1,0,0,0,0,1.000024
0.000000076,2.4E-05,1,0,0,0,0,0,1.000024
0.676893590,3.6E-05,0,0,0,0,0,0,3.6E-05
0.000034606,3.6E-05,0,1,0,0,0,0,1.000036
0.000005924,3.6E-05,1,0,0,0,0,0,1.000036
0.146861860,4.8E-05,0,0,0,0,0,0,4.8E-05
0.000005792,4.8E-05,0,1,0,0,0,0,1.000048
