Width,Precaution,TLHarm,TNLHarm,File,Answer,Bargain,Trial,Total
0.823750028,3E-05,0,0,0,0,0,0,3E-05
0.000046740,3E-05,0,1,0,0,0,0,1.00003
0.000004970,3E-05,1,0,0,0,0,0,1.00003
0.176191313,4E-05,0,0,0,0,0,0,4E-05
0.000006949,4E-05,0,1,0,0,0,0,1.00004
