Width,Precaution,TLHarm,TNLHarm,File,Answer,Bargain,Trial,Total
0.000003825,0,0,0,0.025,0.025,0.05,0,0.1
0.000038182,0,0,1,0.025,0.025,0.05,0,1.1
0.000000069,0,1,0,0.025,0.025,0.05,0,1.1
0.000000094,0,0,0,0.025,0.025,0.05,0.05,0.15
0.000000837,0,0,1,0.025,0.025,0.05,0.05,1.15
0.000000100,0,1,0,0.025,0.025,0.05,0.05,1.15
0.391835377,0,0,0,0,0,0,0,0
0.000006081,1E-05,0,0,0.025,0.025,0.05,0,0.10001
0.000049889,1E-05,0,1,0.025,0.025,0.05,0,1.10001
0.608065547,1E-05,0,0,0,0,0,0,1E-05
