Width,Precaution,TLHarm,TNLHarm,File,Answer,Bargain,Trial,Total
0.000003507,0,0,0,0.025,0.025,0.05,0,0.1
0.000035065,0,0,1,0.025,0.025,0.05,0,1.1
0.000000013,0,1,0,0.025,0.025,0.05,0,1.1
0.000000411,0,0,0,0.025,0.025,0.05,0.05,0.15
0.000003954,0,0,1,0.025,0.025,0.05,0.05,1.15
0.000000156,0,1,0,0.025,0.025,0.05,0.05,1.15
0.391835377,0,0,0,0,0,0,0,0
0.000006081,1E-05,0,0,0.025,0.025,0.05,0,0.10001
0.000049889,1E-05,0,1,0.025,0.025,0.05,0,1.10001
0.608065547,1E-05,0,0,0,0,0,0,1E-05
