Width,Precaution,TLHarm,TNLHarm,File,Answer,Bargain,Trial,Total
0.000009999,1E-05,0,0,0.025,0.025,0.05,0,0.10001
0.000084099,1E-05,0,1,0.025,0.025,0.05,0,1.10001
0.999905902,1E-05,0,0,0,0,0,0,1E-05
