Width,Precaution,TLHarm,TNLHarm,File,Answer,Bargain,Trial,Total
0.769065528,0,0,0,0,0,0,0,0
0.000069532,0,0,1,0,0,0,0,1
0.000007382,0,1,0,0,0,0,0,1
0.230838967,1E-05,0,0,0,0,0,0,1E-05
0.000018590,1E-05,0,1,0,0,0,0,1.00001
