Width,Precaution,TLHarm,TNLHarm,File,Answer,Bargain,Trial,Total
0.000000376,0,0,0,0.1,0.1,0.2,0.2,0.6
0.000002643,0,0,1,0.1,0.1,0.2,0.2,1.6
0.000001116,0,1,0,0.1,0.1,0.2,0.2,1.6
0.608060328,0,0,0,0,0,0,0,0
0.000056217,0,0,1,0,0,0,0,1
0.000000836,0,1,0,0,0,0,0,1
0.391846756,1E-05,0,0,0,0,0,0,1E-05
0.000031728,1E-05,0,1,0,0,0,0,1.00001
