Width,Precaution,TLHarm,TNLHarm,File,Answer,Bargain,Trial,Total
0.000000094,0,0,0,0.1,0.1,0.2,0.2,0.6
0.000000837,0,0,1,0.1,0.1,0.2,0.2,1.6
0.000000100,0,1,0,0.1,0.1,0.2,0.2,1.6
0.391839202,0,0,0,0,0,0,0,0
0.000038182,0,0,1,0,0,0,0,1
0.000000069,0,1,0,0,0,0,0,1
0.608071627,1E-05,0,0,0,0,0,0,1E-05
0.000049889,1E-05,0,1,0,0,0,0,1.00001
