Width,Precaution,TLHarm,TNLHarm,File,Answer,Bargain,Trial,Total
0.608060704,0,0,0,0,0,0,0,0
0.000058860,0,0,1,0,0,0,0,1
0.000001952,0,1,0,0,0,0,0,1
0.391846756,1E-05,0,0,0,0,0,0,1E-05
0.000031728,1E-05,0,1,0,0,0,0,1.00001
