Width,Precaution,TLHarm,TNLHarm,File,Answer,Bargain,Trial,Total
0.000008237,1E-05,0,0,0.1,0.1,0.2,0,0.40001
0.000069969,1E-05,0,1,0.1,0.1,0.2,0,1.40001
0.823723531,1E-05,0,0,0,0,0,0,1E-05
0.000001762,2E-05,0,0,0.1,0.1,0.2,0,0.40002
0.000011143,2E-05,0,1,0.1,0.1,0.2,0,1.40002
0.176185358,2E-05,0,0,0,0,0,0,2E-05
