Width,Precaution,TLHarm,TNLHarm,File,Answer,Bargain,Trial,Total
0.000005540,0,0,0,0.025,0.025,0.05,0,0.1
0.000053895,0,0,1,0.025,0.025,0.05,0,1.1
0.000001506,0,1,0,0.025,0.025,0.05,0,1.1
0.553944951,0,0,0,0,0,0,0,0
0.000004460,1E-05,0,0,0.025,0.025,0.05,0,0.10001
0.000036273,1E-05,0,1,0.025,0.025,0.05,0,1.10001
0.445953376,1E-05,0,0,0,0,0,0,1E-05
