Width,Precaution,TLHarm,TNLHarm,File,Answer,Bargain,Trial,Total
0.000000094,8E-06,0,0,0.1,0.1,0.2,0.2,0.600008
0.000000379,8E-06,0,1,0.1,0.1,0.2,0.2,1.600008
0.000000396,8E-06,1,0,0.1,0.1,0.2,0.2,1.600008
0.391844180,8E-06,0,0,0,0,0,0,8E-06
0.000032566,8E-06,0,1,0,0,0,0,1.000008
0.000000870,8E-06,1,0,0,0,0,0,1.000008
0.608080856,1.6E-05,0,0,0,0,0,0,1.6E-05
0.000027074,1.6E-05,0,1,0,0,0,0,1.000016
0.000013587,1.6E-05,1,0,0,0,0,0,1.000016
