Width,Precaution,TLHarm,TNLHarm,File,Answer,Bargain,Trial,Total
0.000006081,0,0,0,0.025,0.025,0.05,0,0.1
0.000058860,0,0,1,0.025,0.025,0.05,0,1.1
0.000001952,0,1,0,0.025,0.025,0.05,0,1.1
0.608054624,0,0,0,0,0,0,0,0
0.000003918,1E-05,0,0,0.025,0.025,0.05,0,0.10001
0.000031728,1E-05,0,1,0.025,0.025,0.05,0,1.10001
0.391842837,1E-05,0,0,0,0,0,0,1E-05
