Width,Precaution,TLHarm,TNLHarm,File,Answer,Bargain,Trial,Total
0.000000507,0,0,0,0.1,0.1,0.2,0,0.4
0.000004621,0,0,1,0.1,0.1,0.2,0,1.4
0.000000454,0,1,0,0.1,0.1,0.2,0,1.4
0.000000094,0,0,0,0.1,0.1,0.2,0.2,0.6
0.000000837,0,0,1,0.1,0.1,0.2,0.2,1.6
0.000000100,0,1,0,0.1,0.1,0.2,0.2,1.6
0.444474741,0,0,0,0,0,0,0,0
0.000038391,0,0,1,0,0,0,0,1
0.000000049,0,1,0,0,0,0,0,1
0.555434738,1E-05,0,0,0,0,0,0,1E-05
0.000045468,1E-05,0,1,0,0,0,0,1.00001
