Width,Precaution,TLHarm,TNLHarm,File,Answer,Bargain,Trial,Total
0.000000733,0,0,0,0.4,0.4,0.8,0,1.6
0.000003926,0,0,1,0.4,0.4,0.8,0,2.6
0.000003401,0,1,0,0.4,0.4,0.8,0,2.6
0.000001029,0,0,0,0.4,0,0,0,0.4
0.000002247,0,0,1,0.4,0,0,0,1.4
0.000008045,0,1,0,0.4,0,0,0,1.4
0.999898238,0,0,0,0,0,0,0,0
0.000073155,0,0,1,0,0,0,0,1
0.000009225,0,1,0,0,0,0,0,1
