Width,Precaution,TLHarm,TNLHarm,File,Answer,Bargain,Trial,Total
0.000003507,0,0,0,0.1,0.1,0.2,0,0.4
0.000035065,0,0,1,0.1,0.1,0.2,0,1.4
0.000000013,0,1,0,0.1,0.1,0.2,0,1.4
0.000000411,0,0,0,0.1,0.1,0.2,0.2,0.6
0.000003954,0,0,1,0.1,0.1,0.2,0.2,1.6
0.000000156,0,1,0,0.1,0.1,0.2,0.2,1.6
0.391835377,0,0,0,0,0,0,0,0
0.000006081,1E-05,0,0,0.1,0.1,0.2,0,0.40001
0.000049889,1E-05,0,1,0.1,0.1,0.2,0,1.40001
0.608065547,1E-05,0,0,0,0,0,0,1E-05
