Width,Precaution,TLHarm,TNLHarm,File,Answer,Bargain,Trial,Total
0.000000282,0,0,0,0.1,0.1,0.2,0,0.4
0.000001806,0,0,1,0.1,0.1,0.2,0,1.4
0.000001017,0,1,0,0.1,0.1,0.2,0,1.4
0.000000094,0,0,0,0.1,0.1,0.2,0.2,0.6
0.000000837,0,0,1,0.1,0.1,0.2,0.2,1.6
0.000000100,0,1,0,0.1,0.1,0.2,0.2,1.6
0.608060328,0,0,0,0,0,0,0,0
0.000056217,0,0,1,0,0,0,0,1
0.000000836,0,1,0,0,0,0,0,1
0.391846756,1E-05,0,0,0,0,0,0,1E-05
0.000031728,1E-05,0,1,0,0,0,0,1.00001
