Width,Precaution,TLHarm,TNLHarm,File,Answer,Bargain,Trial,Total
0.000009999,1.6E-05,0,0,0.025,0.025,0.05,0,0.100016
0.000057150,1.6E-05,0,1,0.025,0.025,0.05,0,1.100016
0.000013687,1.6E-05,1,0,0.025,0.025,0.05,0,1.100016
0.999919163,1.6E-05,0,0,0,0,0,0,1.6E-05
