Width,Precaution,TLHarm,TNLHarm,File,Answer,Bargain,Trial,Total
0.999929162,1.6E-05,0,0,0,0,0,0,1.6E-05
0.000057150,1.6E-05,0,1,0,0,0,0,1.000016
0.000013687,1.6E-05,1,0,0,0,0,0,1.000016
