Width,Precaution,TLHarm,TNLHarm,File,Answer,Bargain,Trial,Total
0.000009999,3E-05,0,0,0.0125,0.0125,0.05,0,0.07503
0.000049708,3E-05,0,1,0.0125,0.0125,0.05,0,1.07503
0.000010719,3E-05,1,0,0.0125,0.0125,0.05,0,1.07503
0.999929574,3E-05,0,0,0,0,0,0,3E-05
