Width,Precaution,TLHarm,TNLHarm,File,Answer,Bargain,Trial,Total
0.391848263,2.4E-05,0,0,0,0,0,0,2.4E-05
0.000029180,2.4E-05,0,1,0,0,0,0,1.000024
0.000000998,2.4E-05,1,0,0,0,0,0,1.000024
0.608088267,3.6E-05,0,0,0,0,0,0,3.6E-05
0.000022670,3.6E-05,0,1,0,0,0,0,1.000036
0.000010622,3.6E-05,1,0,0,0,0,0,1.000036
