Width,Precaution,TLHarm,TNLHarm,File,Answer,Bargain,Trial,Total
0.000000376,3E-05,0,0,0.2,0.2,0.8,1.2,2.40003
0.000000499,3E-05,0,1,0.2,0.2,0.8,1.2,3.40003
0.000001502,3E-05,1,0,0.2,0.2,0.8,1.2,3.40003
0.000001386,3E-05,0,0,0.2,0,0,0,0.20003
0.000000144,3E-05,0,1,0.2,0,0,0,1.20003
0.000006571,3E-05,1,0,0.2,0,0,0,1.20003
0.999937812,3E-05,0,0,0,0,0,0,3E-05
0.000038911,3E-05,0,1,0,0,0,0,1.00003
0.000012800,3E-05,1,0,0,0,0,0,1.00003
