Width,Precaution,TLHarm,TNLHarm,File,Answer,Bargain,Trial,Total
0.000003932,3E-05,0,0,0.05,0.05,0.2,0,0.30003
0.000026292,3E-05,0,1,0.05,0.05,0.2,0,1.30003
0.000000922,3E-05,1,0,0.05,0.05,0.2,0,1.30003
0.393176474,3E-05,0,0,0,0,0,0,3E-05
0.000006068,4E-05,0,0,0.05,0.05,0.2,0,0.30004
0.000027989,4E-05,0,1,0.05,0.05,0.2,0,1.30004
0.606758324,4E-05,0,0,0,0,0,0,4E-05
