Width,Precaution,TLHarm,TNLHarm,File,Answer,Bargain,Trial,Total
0.000001926,3E-05,0,0,0.0125,0.0125,0.05,0,0.07503
0.000013603,3E-05,0,1,0.0125,0.0125,0.05,0,1.07503
0.000000134,3E-05,1,0,0.0125,0.0125,0.05,0,1.07503
0.192638094,3E-05,0,0,0,0,0,0,3E-05
0.000008073,4E-05,0,0,0.0125,0.0125,0.05,0,0.07504
0.000040359,4E-05,0,1,0.0125,0.0125,0.05,0,1.07504
0.807297810,4E-05,0,0,0,0,0,0,4E-05
