Width,Precaution,TLHarm,TNLHarm,File,Answer,Bargain,Trial,Total
0.391848263,2E-05,0,0,0,0,0,0,2E-05
0.000029180,2E-05,0,1,0,0,0,0,1.00002
0.000000998,2E-05,1,0,0,0,0,0,1.00002
0.608088267,3E-05,0,0,0,0,0,0,3E-05
0.000022670,3E-05,0,1,0,0,0,0,1.00003
0.000010622,3E-05,1,0,0,0,0,0,1.00003
