Width,Precaution,TLHarm,TNLHarm,File,Answer,Bargain,Trial,Total
0.000004201,3E-05,0,0,0.025,0.025,0.05,0,0.10003
0.000026406,3E-05,0,1,0.025,0.025,0.05,0,1.10003
0.000002199,3E-05,1,0,0.025,0.025,0.05,0,1.10003
0.000005799,3E-05,0,0,0.025,0.025,0.05,0.05,0.15003
0.000013058,3E-05,0,1,0.025,0.025,0.05,0.05,1.15003
0.000018764,3E-05,1,0,0.025,0.025,0.05,0.05,1.15003
0.999929574,3E-05,0,0,0,0,0,0,3E-05
