Width,Precaution,TLHarm,TNLHarm,File,Answer,Bargain,Trial,Total
0.000009999,3.6E-05,0,0,0.025,0.025,0.05,0,0.100036
0.000050055,3.6E-05,0,1,0.025,0.025,0.05,0,1.100036
0.000010371,3.6E-05,1,0,0.025,0.025,0.05,0,1.100036
0.999929574,3.6E-05,0,0,0,0,0,0,3.6E-05
