Width,Precaution,TLHarm,TNLHarm,File,Answer,Bargain,Trial,Total
0.000008807,3E-05,0,0,0.025,0.025,0.05,0,0.10003
0.000032740,3E-05,0,1,0.025,0.025,0.05,0,1.10003
0.000020053,3E-05,1,0,0.025,0.025,0.05,0,1.10003
0.000001192,3E-05,0,0,0.025,0.025,0.05,0.05,0.15003
0.000006724,3E-05,0,1,0.025,0.025,0.05,0.05,1.15003
0.000000910,3E-05,1,0,0.025,0.025,0.05,0.05,1.15003
0.999929574,3E-05,0,0,0,0,0,0,3E-05
