Width,Precaution,TLHarm,TNLHarm,File,Answer,Bargain,Trial,Total
0.999929162,2E-05,0,0,0,0,0,0,2E-05
0.000044816,2E-05,0,1,0,0,0,0,1.00002
0.000026022,2E-05,1,0,0,0,0,0,1.00002
