Width,Precaution,TLHarm,TNLHarm,File,Answer,Bargain,Trial,Total
0.000003508,3E-05,0,0,0.1,0.1,0.2,0,0.40003
0.000024349,3E-05,0,1,0.1,0.1,0.2,0,1.40003
0.000000311,3E-05,1,0,0.1,0.1,0.2,0,1.40003
0.000000411,3E-05,0,0,0.1,0.1,0.2,0.2,0.60003
0.000001808,3E-05,0,1,0.1,0.1,0.2,0.2,1.60003
0.000000666,3E-05,1,0,0.1,0.1,0.2,0.2,1.60003
0.391847431,3E-05,0,0,0,0,0,0,3E-05
0.000006081,4E-05,0,0,0.1,0.1,0.2,0,0.40004
0.000028059,4E-05,0,1,0.1,0.1,0.2,0,1.40004
0.608087376,4E-05,0,0,0,0,0,0,4E-05
