Width,Precaution,TLHarm,TNLHarm,File,Answer,Bargain,Trial,Total
0.999929162,2.4E-05,0,0,0,0,0,0,2.4E-05
0.000044816,2.4E-05,0,1,0,0,0,0,1.000024
0.000026022,2.4E-05,1,0,0,0,0,0,1.000024
