Width,Precaution,TLHarm,TNLHarm,File,Answer,Bargain,Trial,Total
0.769904930,0,0,0,0,0,0,0,0
0.000059221,0,0,1,0,0,0,0,1
0.000017778,0,1,0,0,0,0,0,1
0.229998004,1E-05,0,0,0,0,0,0,1E-05
0.000005724,1E-05,0,1,0,0,0,0,1.00001
0.000014344,1E-05,1,0,0,0,0,0,1.00001
