Width,Precaution,TLHarm,TNLHarm,File,Answer,Bargain,Trial,Total
0.000000104,3.2E-05,0,0,0.1,0.1,0.2,0.2,0.600032
0.000000059,3.2E-05,0,1,0.1,0.1,0.2,0.2,1.600032
0.000000007,3.2E-05,1,0,0.1,0.1,0.2,0.2,1.600032
0.230000648,3.2E-05,0,0,0,0,0,0,3.2E-05
0.000017237,3.2E-05,0,1,0,0,0,0,1.000032
0.000000018,3.2E-05,1,0,0,0,0,0,1.000032
0.769938957,4E-05,0,0,0,0,0,0,4E-05
0.000036528,4E-05,0,1,0,0,0,0,1.00004
0.000006443,4E-05,1,0,0,0,0,0,1.00004
