Width,Precaution,TLHarm,TNLHarm,File,Answer,Bargain,Trial,Total
0.000000954,2E-05,0,0,0.1,0.1,0.2,0.2,0.60002
0.000000246,2E-05,0,1,0.1,0.1,0.2,0.2,1.60002
0.000000493,2E-05,1,0,0.1,0.1,0.2,0.2,1.60002
0.499956997,2E-05,0,0,0,0,0,0,2E-05
0.000039049,2E-05,0,1,0,0,0,0,1.00002
0.000002261,2E-05,1,0,0,0,0,0,1.00002
0.499966377,3E-05,0,0,0,0,0,0,3E-05
0.000017175,3E-05,0,1,0,0,0,0,1.00003
0.000016447,3E-05,1,0,0,0,0,0,1.00003
