Width,Precaution,TLHarm,TNLHarm,File,Answer,Bargain,Trial,Total
0.000001185,0,0,0,0.1,0.1,0.2,0.2,0.6
0.000000138,0,0,1,0.1,0.1,0.2,0.2,1.6
0.000001047,0,1,0,0.1,0.1,0.2,0.2,1.6
0.365086191,0,0,0,0,0,0,0,0
0.000028896,0,0,1,0,0,0,0,1
0.000006431,0,1,0,0,0,0,0,1
0.634832528,3E-05,0,0,0,0,0,0,3E-05
0.000026481,3E-05,0,1,0,0,0,0,1.00003
0.000017102,3E-05,1,0,0,0,0,0,1.00003
