Width,Precaution,TLHarm,TNLHarm,File,Answer,Bargain,Trial,Total
0.000000009,4E-05,0,1,0.1,0.1,0.2,0,1.40004
0.000000087,4E-05,0,0,0.1,0.1,0.2,0.2,0.60004
0.000000049,4E-05,0,1,0.1,0.1,0.2,0.2,1.60004
0.230000653,4E-05,0,0,0,0,0,0,4E-05
0.000017237,4E-05,0,1,0,0,0,0,1.00004
0.000000018,4E-05,1,0,0,0,0,0,1.00004
0.769938976,5E-05,0,0,0,0,0,0,5E-05
0.000036528,5E-05,0,1,0,0,0,0,1.00005
0.000006443,5E-05,1,0,0,0,0,0,1.00005
