Width,Precaution,TLHarm,TNLHarm,File,Answer,Bargain,Trial,Total
0.000000344,2E-05,0,0,0.4,0.4,0.8,0,1.60002
0.000000133,2E-05,0,1,0.4,0.4,0.8,0,2.60002
0.000000136,2E-05,1,0,0.4,0.4,0.8,0,2.60002
0.365092493,2E-05,0,0,0,0,0,0,2E-05
0.000030113,2E-05,0,1,0,0,0,0,1.00002
0.000000668,2E-05,1,0,0,0,0,0,1.00002
0.634832528,3E-05,0,0,0,0,0,0,3E-05
0.000026481,3E-05,0,1,0,0,0,0,1.00003
0.000017102,3E-05,1,0,0,0,0,0,1.00003
