Width,Precaution,TLHarm,TNLHarm,File,Answer,Bargain,Trial,Total
0.000099993,3E-05,0,0,0.025,0.025,0.05,0,0.10003
0.000055128,3E-05,0,1,0.025,0.025,0.05,0,1.10003
0.000017280,3E-05,1,0,0.025,0.025,0.05,0,1.10003
0.999827600,3E-05,0,0,0,0,0,0,3E-05
