Width,Precaution,TLHarm,TNLHarm,File,Answer,Bargain,Trial,Total
0.229998324,2E-05,0,0,0,0,0,0,2E-05
0.000019580,2E-05,0,1,0,0,0,0,1.00002
0.000000168,2E-05,1,0,0,0,0,0,1.00002
0.769927949,3E-05,0,0,0,0,0,0,3E-05
0.000036725,3E-05,0,1,0,0,0,0,1.00003
0.000017254,3E-05,1,0,0,0,0,0,1.00003
