Width,Precaution,TLHarm,TNLHarm,File,Answer,Bargain,Trial,Total
0.000099990,0,0,0,0.4,0,0,0,0.4
0.000037807,0,0,1,0.4,0,0,0,1.4
0.000062193,0,1,0,0.4,0,0,0,1.4
0.999800010,0,0,0,0,0,0,0,0
