Width,Precaution,TLHarm,TNLHarm,File,Answer,Bargain,Trial,Total
0.000008237,3.6E-05,0,0,0.05,0.05,0.05,0,0.150036
0.000046740,3.6E-05,0,1,0.05,0.05,0.05,0,1.150036
0.000004970,3.6E-05,1,0,0.05,0.05,0.05,0,1.150036
0.823741790,3.6E-05,0,0,0,0,0,0,3.6E-05
0.000001762,4.8E-05,0,0,0.05,0.05,0.05,0,0.150048
0.000006949,4.8E-05,0,1,0.05,0.05,0.05,0,1.150048
0.176189551,4.8E-05,0,0,0,0,0,0,4.8E-05
