Width,Precaution,TLHarm,TNLHarm,File,Answer,Bargain,Trial,Total
0.000001762,3E-05,0,0,0.05,0.05,0.05,0,0.15003
0.000011836,3E-05,0,1,0.05,0.05,0.05,0,1.15003
0.000000795,3E-05,1,0,0.05,0.05,0.05,0,1.15003
0.176183870,3E-05,0,0,0,0,0,0,3E-05
0.000008238,4E-05,0,0,0.05,0.05,0.05,0,0.15004
0.000032735,4E-05,0,1,0.05,0.05,0.05,0,1.15004
0.000008640,4E-05,1,0,0.05,0.05,0.05,0,1.15004
0.823752125,4E-05,0,0,0,0,0,0,4E-05
