Width,Precaution,TLHarm,TNLHarm,File,Answer,Bargain,Trial,Total
0.000000411,3E-05,0,0,0.05,0.05,0.05,0,0.15003
0.000001832,3E-05,0,1,0.05,0.05,0.05,0,1.15003
0.000000642,3E-05,1,0,0.05,0.05,0.05,0,1.15003
0.391850939,3E-05,0,0,0,0,0,0,3E-05
0.000024404,3E-05,0,1,0,0,0,0,1.00003
0.000000256,3E-05,1,0,0,0,0,0,1.00003
0.608093457,4E-05,0,0,0,0,0,0,4E-05
0.000028059,4E-05,0,1,0,0,0,0,1.00004
