Width,Precaution,TLHarm,TNLHarm,File,Answer,Bargain,Trial,Total
0.000001762,2.4E-05,0,0,0.05,0.05,0.05,0,0.150024
0.000013800,2.4E-05,0,1,0.05,0.05,0.05,0,1.150024
0.000000076,2.4E-05,1,0,0.05,0.05,0.05,0,1.150024
0.176182625,2.4E-05,0,0,0,0,0,0,2.4E-05
0.000008238,3.6E-05,0,0,0.05,0.05,0.05,0,0.150036
0.000037080,3.6E-05,0,1,0.05,0.05,0.05,0,1.150036
0.000010716,3.6E-05,1,0,0.05,0.05,0.05,0,1.150036
0.823745704,3.6E-05,0,0,0,0,0,0,3.6E-05
