Width,Precaution,TLHarm,TNLHarm,File,Answer,Bargain,Trial,Total
0.000001762,2.4E-05,0,0,0.05,0.05,0.05,0,0.150024
0.000011836,2.4E-05,0,1,0.05,0.05,0.05,0,1.150024
0.000000795,2.4E-05,1,0,0.05,0.05,0.05,0,1.150024
0.176183870,2.4E-05,0,0,0,0,0,0,2.4E-05
0.000008238,3.2E-05,0,0,0.05,0.05,0.05,0,0.150032
0.000032735,3.2E-05,0,1,0.05,0.05,0.05,0,1.150032
0.000008640,3.2E-05,1,0,0.05,0.05,0.05,0,1.150032
0.823752125,3.2E-05,0,0,0,0,0,0,3.2E-05
