Width,Precaution,TLHarm,TNLHarm,File,Answer,Bargain,Trial,Total
0.000001762,2E-05,0,0,0.05,0.05,0.05,0,0.15002
0.000013800,2E-05,0,1,0.05,0.05,0.05,0,1.15002
0.000000076,2E-05,1,0,0.05,0.05,0.05,0,1.15002
0.176182625,2E-05,0,0,0,0,0,0,2E-05
0.000008238,3E-05,0,0,0.05,0.05,0.05,0,0.15003
0.000037080,3E-05,0,1,0.05,0.05,0.05,0,1.15003
0.000010716,3E-05,1,0,0.05,0.05,0.05,0,1.15003
0.823745704,3E-05,0,0,0,0,0,0,3E-05
