Width,Precaution,TLHarm,TNLHarm,File,Answer,Bargain,Trial,Total
0.000001192,3E-05,0,0,0.05,0.05,0.05,0,0.15003
0.000006784,3E-05,0,1,0.05,0.05,0.05,0,1.15003
0.000000851,3E-05,1,0,0.05,0.05,0.05,0,1.15003
0.391850158,3E-05,0,0,0,0,0,0,3E-05
0.000019452,3E-05,0,1,0,0,0,0,1.00003
0.000000047,3E-05,1,0,0,0,0,0,1.00003
0.608093457,4E-05,0,0,0,0,0,0,4E-05
0.000028059,4E-05,0,1,0,0,0,0,1.00004
