Width,Precaution,TLHarm,TNLHarm,File,Answer,Bargain,Trial,Total
0.000008237,3E-05,0,0,0.05,0.05,0.05,0,0.15003
0.000046740,3E-05,0,1,0.05,0.05,0.05,0,1.15003
0.000004970,3E-05,1,0,0.05,0.05,0.05,0,1.15003
0.823741790,3E-05,0,0,0,0,0,0,3E-05
0.000001762,4E-05,0,0,0.05,0.05,0.05,0,0.15004
0.000006949,4E-05,0,1,0.05,0.05,0.05,0,1.15004
0.176189551,4E-05,0,0,0,0,0,0,4E-05
