Width,Precaution,TLHarm,TNLHarm,File,Answer,Bargain,Trial,Total
0.000000169,3E-05,0,0,0.2,0.2,0.2,0,0.60003
0.000000637,3E-05,0,1,0.2,0.2,0.2,0,1.60003
0.000000357,3E-05,1,0,0.2,0.2,0.2,0,1.60003
0.391851181,3E-05,0,0,0,0,0,0,3E-05
0.000025599,3E-05,0,1,0,0,0,0,1.00003
0.000000541,3E-05,1,0,0,0,0,0,1.00003
0.608093457,4E-05,0,0,0,0,0,0,4E-05
0.000028059,4E-05,0,1,0,0,0,0,1.00004
