Width,Precaution,TLHarm,TNLHarm,File,Answer,Bargain,Trial,Total
0.000000891,3E-05,0,0,0.2,0.2,0.2,0,0.60003
0.000002267,3E-05,0,1,0.2,0.2,0.2,0,1.60003
0.000002724,3E-05,1,0,0.2,0.2,0.2,0,1.60003
0.608080459,3E-05,0,0,0,0,0,0,3E-05
0.000033129,3E-05,0,1,0,0,0,0,1.00003
0.000002046,3E-05,1,0,0,0,0,0,1.00003
0.391861909,4E-05,0,0,0,0,0,0,4E-05
0.000016574,4E-05,0,1,0,0,0,0,1.00004
