Width,Precaution,TLHarm,TNLHarm,File,Answer,Bargain,Trial,Total
0.000001478,0,0,1,0.1,0.1,0.2,0,1.4
0.000001225,0,1,0,0.1,0.1,0.2,0,1.4
0.000002463,0,0,1,0.1,0.1,0.2,0.2,1.6
0.000001183,0,1,0,0.1,0.1,0.2,0.2,1.6
0.499950000,0,0,0,0,0,0,0,0
0.000042598,0,0,1,0,0,0,0,1
0.000001053,0,1,0,0,0,0,0,1
0.499961468,2E-05,0,0,0,0,0,0,2E-05
0.000028446,2E-05,0,1,0,0,0,0,1.00002
0.000010086,2E-05,1,0,0,0,0,0,1.00002
