Width,Precaution,TLHarm,TNLHarm,File,Answer,Bargain,Trial,Total
0.897109033,3.2E-05,0,0,0,0,0,0,3.2E-05
0.000049800,3.2E-05,0,1,0,0,0,0,1.000032
0.000009903,3.2E-05,1,0,0,0,0,0,1.000032
0.102826490,4E-05,0,0,0,0,0,0,4E-05
0.000002323,4E-05,0,1,0,0,0,0,1.00004
0.000002450,4E-05,1,0,0,0,0,0,1.00004
