Width,Precaution,TLHarm,TNLHarm,File,Answer,Bargain,Trial,Total
0.000001171,3.2E-05,0,1,0.1,0.1,0.2,0,1.400032
0.000000378,3.2E-05,1,0,0.1,0.1,0.2,0,1.400032
0.000000166,3.2E-05,0,1,0.1,0.1,0.2,0.2,1.600032
0.000000045,3.2E-05,1,0,0.1,0.1,0.2,0.2,1.600032
0.499963985,3.2E-05,0,0,0,0,0,0,3.2E-05
0.000033967,3.2E-05,0,1,0,0,0,0,1.000032
0.000000288,3.2E-05,1,0,0,0,0,0,1.000032
0.499974359,4E-05,0,0,0,0,0,0,4E-05
0.000019342,4E-05,0,1,0,0,0,0,1.00004
0.000006299,4E-05,1,0,0,0,0,0,1.00004
