Width,Precaution,TLHarm,TNLHarm,File,Answer,Bargain,Trial,Total
0.000003444,1E-05,0,1,0.1,0.1,0.2,0,1.40001
0.000001689,1E-05,1,0,0.1,0.1,0.2,0,1.40001
0.000000300,1E-05,0,1,0.1,0.1,0.2,0.2,1.60001
0.000000297,1E-05,1,0,0.1,0.1,0.2,0.2,1.60001
0.365090272,1E-05,0,0,0,0,0,0,1E-05
0.000027117,1E-05,0,1,0,0,0,0,1.00001
0.000000770,1E-05,1,0,0,0,0,0,1.00001
0.634832528,3E-05,0,0,0,0,0,0,3E-05
0.000026508,3E-05,0,1,0,0,0,0,1.00003
0.000017076,3E-05,1,0,0,0,0,0,1.00003
