Width,Precaution,TLHarm,TNLHarm,File,Answer,Bargain,Trial,Total
0.000005581,0,0,1,0.1,0.1,0.2,0,1.4
0.000003304,0,1,0,0.1,0.1,0.2,0,1.4
0.000000671,0,0,1,0.1,0.1,0.2,0.2,1.6
0.000002310,0,1,0,0.1,0.1,0.2,0.2,1.6
0.365087376,0,0,0,0,0,0,0,0
0.000022783,0,0,1,0,0,0,0,1
0.000001865,0,1,0,0,0,0,0,1
0.634832528,3E-05,0,0,0,0,0,0,3E-05
0.000026508,3E-05,0,1,0,0,0,0,1.00003
0.000017076,3E-05,1,0,0,0,0,0,1.00003
