Width,Precaution,TLHarm,TNLHarm,File,Answer,Bargain,Trial,Total
0.000000684,1E-05,0,1,0.1,0.1,0.2,0,1.40001
0.000000093,1E-05,1,0,0.1,0.1,0.2,0,1.40001
0.000000704,1E-05,0,1,0.1,0.1,0.2,0.2,1.60001
0.000000366,1E-05,1,0,0.1,0.1,0.2,0.2,1.60001
0.229996798,1E-05,0,0,0,0,0,0,1E-05
0.000019110,1E-05,0,1,0,0,0,0,1.00001
0.000000317,1E-05,1,0,0,0,0,0,1.00001
0.769927949,3E-05,0,0,0,0,0,0,3E-05
0.000036753,3E-05,0,1,0,0,0,0,1.00003
0.000017226,3E-05,1,0,0,0,0,0,1.00003
