Width,Precaution,TLHarm,TNLHarm,File,Answer,Bargain,Trial,Total
0.229995070,0,0,0,0,0,0,0,0
0.000022796,0,0,1,0,0,0,0,1
0.000000206,0,1,0,0,0,0,0,1
0.769913409,1E-05,0,0,0,0,0,0,1E-05
0.000045646,1E-05,0,1,0,0,0,0,1.00001
0.000022872,1E-05,1,0,0,0,0,0,1.00001
