Width,Precaution,TLHarm,TNLHarm,File,Answer,Bargain,Trial,Total
0.000001848,2E-05,0,1,0.4,0.4,0.8,0,2.60002
0.000000547,2E-05,1,0,0.4,0.4,0.8,0,2.60002
0.365092837,2E-05,0,0,0,0,0,0,2E-05
0.000028403,2E-05,0,1,0,0,0,0,1.00002
0.000000253,2E-05,1,0,0,0,0,0,1.00002
0.634832528,3E-05,0,0,0,0,0,0,3E-05
0.000026508,3E-05,0,1,0,0,0,0,1.00003
0.000017076,3E-05,1,0,0,0,0,0,1.00003
