Width,Precaution,TLHarm,TNLHarm,File,Answer,Bargain,Trial,Total
0.000053042,3E-05,0,1,0.025,0.025,0.05,0,1.10003
0.000010402,3E-05,1,0,0.025,0.025,0.05,0,1.10003
0.861192879,3E-05,0,0,0,0,0,0,3E-05
0.000007650,4E-05,0,1,0.025,0.025,0.05,0,1.10004
0.138736027,4E-05,0,0,0,0,0,0,4E-05
