Width,Precaution,TLHarm,TNLHarm,File,Answer,Bargain,Trial,Total
0.000001333,2.4E-05,0,1,0.1,0.1,0.2,0,1.400024
0.000001010,2.4E-05,1,0,0.1,0.1,0.2,0,1.400024
0.000001751,2.4E-05,0,1,0.1,0.1,0.2,0.2,1.600024
0.000000592,2.4E-05,1,0,0.1,0.1,0.2,0.2,1.600024
0.365095064,2.4E-05,0,0,0,0,0,0,2.4E-05
0.000023492,2.4E-05,0,1,0,0,0,0,1.000024
0.000000646,2.4E-05,1,0,0,0,0,0,1.000024
0.634842137,4E-05,0,0,0,0,0,0,4E-05
0.000027552,4E-05,0,1,0,0,0,0,1.00004
0.000006423,4E-05,1,0,0,0,0,0,1.00004
