Width,Precaution,TLHarm,TNLHarm,File,Answer,Bargain,Trial,Total
0.000036833,0,0,1,0.4,0,0,0,1.4
0.000026655,0,1,0,0.4,0,0,0,1.4
0.634812497,0,0,0,0,0,0,0,0
0.000002555,1E-05,0,1,0.4,0,0,0,1.40001
0.000020478,1E-05,1,0,0.4,0,0,0,1.40001
0.262269738,1E-05,0,0,0,0,0,0,1E-05
0.000000498,2E-05,0,1,0.4,0,0,0,1.40002
0.000007220,2E-05,1,0,0.4,0,0,0,1.40002
0.102823526,2E-05,0,0,0,0,0,0,2E-05
