Width,Precaution,TLHarm,TNLHarm,File,Answer,Bargain,Trial,Total
0.000003234,0,0,1,0.1,0.1,0.2,0,1.4
0.000001697,0,1,0,0.1,0.1,0.2,0,1.4
0.000005623,0,0,1,0.1,0.1,0.2,0.2,1.6
0.000001336,0,1,0,0.1,0.1,0.2,0.2,1.6
0.499950000,0,0,0,0,0,0,0,0
0.000037682,0,0,1,0,0,0,0,1
0.000000429,0,1,0,0,0,0,0,1
0.499961468,2.4E-05,0,0,0,0,0,0,2.4E-05
0.000028446,2.4E-05,0,1,0,0,0,0,1.000024
0.000010086,2.4E-05,1,0,0,0,0,0,1.000024
