Width,Precaution,TLHarm,TNLHarm,File,Answer,Bargain,Trial,Total
0.000001333,3E-05,0,1,0.1,0.1,0.2,0,1.40003
0.000001010,3E-05,1,0,0.1,0.1,0.2,0,1.40003
0.000001751,3E-05,0,1,0.1,0.1,0.2,0.2,1.60003
0.000000592,3E-05,1,0,0.1,0.1,0.2,0.2,1.60003
0.365095064,3E-05,0,0,0,0,0,0,3E-05
0.000023492,3E-05,0,1,0,0,0,0,1.00003
0.000000646,3E-05,1,0,0,0,0,0,1.00003
0.634842137,5E-05,0,0,0,0,0,0,5E-05
0.000027552,5E-05,0,1,0,0,0,0,1.00005
0.000006423,5E-05,1,0,0,0,0,0,1.00005
