Width,Precaution,TLHarm,TNLHarm,File,Answer,Bargain,Trial,Total
0.000001279,4E-05,0,1,0.1,0.1,0.2,0,1.40004
0.000000416,4E-05,1,0,0.1,0.1,0.2,0,1.40004
0.000000059,4E-05,0,1,0.1,0.1,0.2,0.2,1.60004
0.000000007,4E-05,1,0,0.1,0.1,0.2,0.2,1.60004
0.499963985,4E-05,0,0,0,0,0,0,4E-05
0.000033967,4E-05,0,1,0,0,0,0,1.00004
0.000000288,4E-05,1,0,0,0,0,0,1.00004
0.499974359,5E-05,0,0,0,0,0,0,5E-05
0.000019342,5E-05,0,1,0,0,0,0,1.00005
0.000006299,5E-05,1,0,0,0,0,0,1.00005
