Width,Precaution,TLHarm,TNLHarm,File,Answer,Bargain,Trial,Total
0.391850120,3E-05,0,0,0,0,0,0,3E-05
0.000019452,3E-05,0,1,0,0,0,0,1.00003
0.000000047,3E-05,1,0,0,0,0,0,1.00003
0.000001177,3E-05,0,0,0.05,0.1,0.2,0,0.35003
0.000006715,3E-05,0,1,0.05,0.1,0.2,0,1.35003
0.000000829,3E-05,1,0,0.05,0.1,0.2,0,1.35003
0.000000068,3E-05,0,1,0.05,0.1,0.2,0.15,1.50003
0.000000021,3E-05,1,0,0.05,0.1,0.2,0.15,1.50003
0.608093509,4E-05,0,0,0,0,0,0,4E-05
0.000028059,4E-05,0,1,0,0,0,0,1.00004
