Width,Precaution,TLHarm,TNLHarm,File,Answer,Bargain,Trial,Total
0.176185484,3E-05,0,0,0,0,0,0,3E-05
0.000012440,3E-05,0,1,0,0,0,0,1.00003
0.000000046,3E-05,1,0,0,0,0,0,1.00003
0.000000051,3E-05,0,1,0.05,0.1,0.2,0,1.35003
0.000000068,3E-05,0,1,0.05,0.1,0.2,0.15,1.50003
0.000000021,3E-05,1,0,0.05,0.1,0.2,0.15,1.50003
0.823760514,4E-05,0,0,0,0,0,0,4E-05
0.000041375,4E-05,0,1,0,0,0,0,1.00004
