Width,Precaution,TLHarm,TNLHarm,File,Answer,Bargain,Trial,Total
0.000008238,3.2E-05,0,0,0.0125,0.025,0.05,0,0.087532
0.000042186,3.2E-05,0,1,0.0125,0.025,0.05,0,1.087532
0.000004072,3.2E-05,1,0,0.0125,0.025,0.05,0,1.087532
0.000001762,3.2E-05,0,0,0.0125,0.025,0.05,0.0375,0.125032
0.000002378,3.2E-05,0,1,0.0125,0.025,0.05,0.0375,1.125032
0.000004571,3.2E-05,1,0,0.0125,0.025,0.05,0.0375,1.125032
0.999936794,3.2E-05,0,0,0,0,0,0,3.2E-05
