Width,Precaution,TLHarm,TNLHarm,File,Answer,Bargain,Trial,Total
0.666623117,4E-05,0,0,0,0,0,0,4E-05
0.000033951,4E-05,0,1,0,0,0,0,1.00004
0.000009599,4E-05,1,0,0,0,0,0,1.00004
0.000003333,0,0,0,0.4,0,0,0,0.4
0.000008824,0,0,1,0.4,0,0,0,1.4
0.000024510,0,1,0,0.4,0,0,0,1.4
0.333296667,0,0,0,0,0,0,0,0
