Width,Precaution,TLHarm,TNLHarm,File,Answer,Bargain,Trial,Total
0.869183001,0,0,0,0,0,0,0,0
0.000059008,0,0,1,0,0,0,0,1
0.000027919,0,1,0,0,0,0,0,1
0.130718613,1.2E-05,0,0,0,0,0,0,1.2E-05
0.000004763,1.2E-05,0,1,0,0,0,0,1.000012
0.000006697,1.2E-05,1,0,0,0,0,0,1.000012
