Width,Precaution,TLHarm,TNLHarm,File,Answer,Bargain,Trial,Total
0.000000591,6E-05,0,0,0.4,0,0,0,0.40006
0.000004093,6E-05,0,1,0.4,0,0,0,1.40006
0.059119600,6E-05,0,0,0,0,0,0,6E-05
0.000002742,7E-05,0,0,0.4,0,0,0,0.40007
0.000013170,7E-05,0,1,0.4,0,0,0,1.40007
0.274193137,7E-05,0,0,0,0,0,0,7E-05
0.000006666,0,0,0,0.4,0,0,0,0.4
0.000025216,0,0,1,0.4,0,0,0,1.4
0.000041451,0,1,0,0.4,0,0,0,1.4
0.666593334,0,0,0,0,0,0,0,0
