Width,Precaution,TLHarm,TNLHarm,File,Answer,Bargain,Trial,Total
0.797316999,0,0,0,0,0,0,0,0
0.000053899,0,0,1,0,0,0,0,1
0.000025841,0,1,0,0,0,0,0,1
0.202585354,1E-05,0,0,0,0,0,0,1E-05
0.000010361,1E-05,0,1,0,0,0,0,1.00001
0.000007546,1E-05,1,0,0,0,0,0,1.00001
