Width,Precaution,TLHarm,TNLHarm,File,Answer,Bargain,Trial,Total
0.738213848,2E-05,0,0,0,0,0,0,2E-05
0.000031500,2E-05,0,1,0,0,0,0,1.00002
0.000027115,2E-05,1,0,0,0,0,0,1.00002
0.261700394,0,0,0,0,0,0,0,0
0.000014320,0,0,1,0,0,0,0,1
0.000002050,0,1,0,0,0,0,0,1
0.000000970,0,0,0,0.1,0.1,0.2,0,0.4
0.000003203,0,0,1,0.1,0.1,0.2,0,1.4
0.000006499,0,1,0,0.1,0.1,0.2,0,1.4
0.000000020,0,0,1,0.1,0.1,0.2,0.2,1.6
0.000000079,0,1,0,0.1,0.1,0.2,0.2,1.6
