Width,Precaution,TLHarm,TNLHarm,File,Answer,Bargain,Trial,Total
0.666618395,3E-05,0,0,0,0,0,0,3E-05
0.000036729,3E-05,0,1,0,0,0,0,1.00003
0.000011542,3E-05,1,0,0,0,0,0,1.00003
0.000003333,0,0,0,0.4,0,0,0,0.4
0.000012608,0,0,1,0.4,0,0,0,1.4
0.000020726,0,1,0,0.4,0,0,0,1.4
0.333296667,0,0,0,0,0,0,0,0
