Width,Precaution,TLHarm,TNLHarm,File,Answer,Bargain,Trial,Total
0.611035140,2E-05,0,0,0,0,0,0,2E-05
0.000038390,2E-05,0,1,0,0,0,0,1.00002
0.000011780,2E-05,1,0,0,0,0,0,1.00002
0.388887891,3E-05,0,0,0,0,0,0,3E-05
0.000016015,3E-05,0,1,0,0,0,0,1.00003
0.000010784,3E-05,1,0,0,0,0,0,1.00003
