Width,Precaution,TLHarm,TNLHarm,File,Answer,Bargain,Trial,Total
0.595012051,2E-05,0,0,0,0,0,0,2E-05
0.000037119,2E-05,0,1,0,0,0,0,1.00002
0.000011708,2E-05,1,0,0,0,0,0,1.00002
0.404911087,3E-05,0,0,0,0,0,0,3E-05
0.000017234,3E-05,0,1,0,0,0,0,1.00003
0.000010801,3E-05,1,0,0,0,0,0,1.00003
