Width,Precaution,TLHarm,TNLHarm,File,Answer,Bargain,Trial,Total
0.999929162,2E-05,0,0,0,0,0,0,2E-05
0.000045856,2E-05,0,1,0,0,0,0,1.00002
0.000024981,2E-05,1,0,0,0,0,0,1.00002
