Width,Precaution,TLHarm,TNLHarm,File,Answer,Bargain,Trial,Total
0.000006001,3E-05,0,0,0.025,0.025,0.05,0,0.10003
0.000038706,3E-05,0,1,0.025,0.025,0.05,0,1.10003
0.000001609,3E-05,1,0,0.025,0.025,0.05,0,1.10003
0.600047058,3E-05,0,0,0,0,0,0,3E-05
0.000003999,4E-05,0,0,0.025,0.025,0.05,0,0.10004
0.000016201,4E-05,0,1,0.025,0.025,0.05,0,1.10004
0.399886426,4E-05,0,0,0,0,0,0,4E-05
