Width,Precaution,TLHarm,TNLHarm,File,Answer,Bargain,Trial,Total
0.506021081,3E-05,0,0,0,0,0,0,3E-05
0.000027344,3E-05,0,1,0,0,0,0,1.00003
0.000007318,3E-05,1,0,0,0,0,0,1.00003
0.493923070,4E-05,0,0,0,0,0,0,4E-05
0.000013410,4E-05,0,1,0,0,0,0,1.00004
0.000007778,4E-05,1,0,0,0,0,0,1.00004
