Width,Precaution,TLHarm,TNLHarm,File,Answer,Bargain,Trial,Total
0.000008059,0,0,0,0.4,0,0,0,0.4
0.000080594,0,1,0,0.4,0,0,0,1.4
0.805852329,0,0,0,0,0,0,0,0
0.000001940,1E-05,0,0,0.4,0,0,0,0.40001
0.000015433,1E-05,1,0,0.4,0,0,0,1.40001
0.194041644,1E-05,0,0,0,0,0,0,1E-05
