Width,Precaution,TLHarm,TNLHarm,File,Answer,Bargain,Trial,Total
0.000001208,2E-05,0,0,0.1,0.1,0.2,0,0.40002
0.000000147,2E-05,0,1,0.1,0.1,0.2,0,1.40002
0.000007660,2E-05,1,0,0.1,0.1,0.2,0,1.40002
0.000000248,2E-05,0,0,0.1,0.1,0.2,0.2,0.60002
0.000001656,2E-05,0,1,0.1,0.1,0.2,0.2,1.60002
0.000000243,2E-05,1,0,0.1,0.1,0.2,0.2,1.60002
0.999927706,2E-05,0,0,0,0,0,0,2E-05
0.000029899,2E-05,0,1,0,0,0,0,1.00002
0.000031232,2E-05,1,0,0,0,0,0,1.00002
