Width,Precaution,TLHarm,TNLHarm,File,Answer,Bargain,Trial,Total
0.999915901,1.2E-05,0,0,0,0,0,0,1.2E-05
0.000017454,1.2E-05,0,1,0,0,0,0,1.000012
0.000066645,1.2E-05,1,0,0,0,0,0,1.000012
