Width,Precaution,TLHarm,TNLHarm,File,Answer,Bargain,Trial,Total
0.000005392,3E-05,0,0,0.1,0.1,0.2,0,0.40003
0.000035234,3E-05,0,1,0.1,0.1,0.2,0,1.40003
0.000001206,3E-05,1,0,0.1,0.1,0.2,0,1.40003
0.600047666,3E-05,0,0,0,0,0,0,3E-05
0.000003472,3E-05,0,1,0,0,0,0,1.00003
0.000000403,3E-05,1,0,0,0,0,0,1.00003
0.000003999,4E-05,0,0,0.1,0.1,0.2,0,0.40004
0.000016201,4E-05,0,1,0.1,0.1,0.2,0,1.40004
0.399886426,4E-05,0,0,0,0,0,0,4E-05
