Width,Precaution,TLHarm,TNLHarm,File,Answer,Bargain,Trial,Total
0.000000608,2.4E-05,0,0,0.1,0.1,0.2,0.2,0.600024
0.000004068,2.4E-05,0,1,0.1,0.1,0.2,0.2,1.600024
0.000000377,2.4E-05,1,0,0.1,0.1,0.2,0.2,1.600024
0.600047436,2.4E-05,0,0,0,0,0,0,2.4E-05
0.000039855,2.4E-05,0,1,0,0,0,0,1.000024
0.000001028,2.4E-05,1,0,0,0,0,0,1.000024
0.399886515,3.6E-05,0,0,0,0,0,0,3.6E-05
0.000010288,3.6E-05,0,1,0,0,0,0,1.000036
0.000009823,3.6E-05,1,0,0,0,0,0,1.000036
