Width,Precaution,TLHarm,TNLHarm,File,Answer,Bargain,Trial,Total
0.399878347,2.4E-05,0,0,0,0,0,0,2.4E-05
0.000026487,2.4E-05,0,1,0,0,0,0,1.000024
0.000001793,2.4E-05,1,0,0,0,0,0,1.000024
0.600066557,3.2E-05,0,0,0,0,0,0,3.2E-05
0.000019034,3.2E-05,0,1,0,0,0,0,1.000032
0.000007782,3.2E-05,1,0,0,0,0,0,1.000032
