Width,Precaution,TLHarm,TNLHarm,File,Answer,Bargain,Trial,Total
0.000000170,0,0,0,0.2,0.1,0.2,0,0.5
0.000000608,0,0,1,0.2,0.1,0.2,0,1.5
0.000001095,0,1,0,0.2,0.1,0.2,0,1.5
0.000000118,0,0,0,0.2,0.1,0.2,0.3,0.8
0.000000757,0,0,1,0.2,0.1,0.2,0.3,1.8
0.000000427,0,1,0,0.2,0.1,0.2,0.3,1.8
0.499949711,0,0,0,0,0,0,0,0
0.000045173,0,0,1,0,0,0,0,1
0.000001939,0,1,0,0,0,0,0,1
0.499955999,1.2E-05,0,0,0,0,0,0,1.2E-05
0.000022165,1.2E-05,0,1,0,0,0,0,1.000012
0.000021835,1.2E-05,1,0,0,0,0,0,1.000012
