Width,Precaution,TLHarm,TNLHarm,File,Answer,Bargain,Trial,Total
0.000000322,0,0,0,0.2,0.1,0.2,0,0.5
0.000000856,0,0,1,0.2,0.1,0.2,0,1.5
0.000002364,0,1,0,0.2,0.1,0.2,0,1.5
0.000000313,0,0,0,0.2,0.1,0.2,0.3,0.8
0.000001506,0,0,1,0.2,0.1,0.2,0.3,1.8
0.000001622,0,1,0,0.2,0.1,0.2,0.3,1.8
0.365086741,0,0,0,0,0,0,0,0
0.000026671,0,0,1,0,0,0,0,1
0.000003492,0,1,0,0,0,0,0,1
0.634832528,3E-05,0,0,0,0,0,0,3E-05
0.000026503,3E-05,0,1,0,0,0,0,1.00003
0.000017081,3E-05,1,0,0,0,0,0,1.00003
