Width,Precaution,TLHarm,TNLHarm,File,Answer,Bargain,Trial,Total
0.365090099,8E-06,0,0,0,0,0,0,8E-06
0.000020193,8E-06,0,1,0,0,0,0,1.000008
0.000012367,8E-06,1,0,0,0,0,0,1.000008
0.000000118,8E-06,0,0,0.8,0,0,0,0.800008
0.000000029,8E-06,0,1,0.8,0,0,0,1.800008
0.000001027,8E-06,1,0,0.8,0,0,0,1.800008
0.634826636,1.6E-05,0,0,0,0,0,0,1.6E-05
0.000007280,1.6E-05,0,1,0,0,0,0,1.000016
0.000042249,1.6E-05,1,0,0,0,0,0,1.000016
