Width,Precaution,TLHarm,TNLHarm,File,Answer,Bargain,Trial,Total
0.365092837,2E-05,0,0,0,0,0,0,2E-05
0.000030250,2E-05,0,1,0,0,0,0,1.00002
0.000000801,2E-05,1,0,0,0,0,0,1.00002
0.634832528,3E-05,0,0,0,0,0,0,3E-05
0.000026503,3E-05,0,1,0,0,0,0,1.00003
0.000017081,3E-05,1,0,0,0,0,0,1.00003
