Width,Precaution,TLHarm,TNLHarm,File,Answer,Bargain,Trial,Total
0.229996659,1E-05,0,0,0,0,0,0,1E-05
0.000020315,1E-05,0,1,0,0,0,0,1.00001
0.000000593,1E-05,1,0,0,0,0,0,1.00001
0.000000183,1E-05,0,1,0.05,0.025,0.05,0.075,1.20001
0.000000184,1E-05,1,0,0.05,0.025,0.05,0.075,1.20001
0.769928088,3E-05,0,0,0,0,0,0,3E-05
0.000036747,3E-05,0,1,0,0,0,0,1.00003
0.000017232,3E-05,1,0,0,0,0,0,1.00003
