Width,Precaution,TLHarm,TNLHarm,File,Answer,Bargain,Trial,Total
0.229996572,1E-05,0,0,0,0,0,0,1E-05
0.000014929,1E-05,0,1,0,0,0,0,1.00001
0.000005276,1E-05,1,0,0,0,0,0,1.00001
0.000000118,1E-05,0,0,0.8,0,0,0,0.80001
0.000000141,1E-05,0,1,0.8,0,0,0,1.80001
0.000000928,1E-05,1,0,0.8,0,0,0,1.80001
0.769921203,2E-05,0,0,0,0,0,0,2E-05
0.000014725,2E-05,0,1,0,0,0,0,1.00002
0.000046107,2E-05,1,0,0,0,0,0,1.00002
