Width,Precaution,TLHarm,TNLHarm,File,Answer,Bargain,Trial,Total
0.365086927,0,0,0,0,0,0,0,0
0.000027877,0,0,1,0,0,0,0,1
0.000004687,0,1,0,0,0,0,0,1
0.000000316,0,0,0,0.2,0.1,0.2,0,0.5
0.000001076,0,0,1,0.2,0.1,0.2,0,1.5
0.000002088,0,1,0,0.2,0.1,0.2,0,1.5
0.000000078,0,0,0,0.2,0.1,0.2,0.3,0.8
0.000000081,0,0,1,0.2,0.1,0.2,0.3,1.8
0.000000703,0,1,0,0.2,0.1,0.2,0.3,1.8
0.634826636,2E-05,0,0,0,0,0,0,2E-05
0.000021249,2E-05,0,1,0,0,0,0,1.00002
0.000028281,2E-05,1,0,0,0,0,0,1.00002
