Width,Precaution,TLHarm,TNLHarm,File,Answer,Bargain,Trial,Total
0.102821719,1E-05,0,0,0,0,0,0,1E-05
0.000009402,1E-05,0,1,0,0,0,0,1.00001
0.000000143,1E-05,1,0,0,0,0,0,1.00001
0.897097049,2E-05,0,0,0,0,0,0,2E-05
0.000042627,2E-05,0,1,0,0,0,0,1.00002
0.000029059,2E-05,1,0,0,0,0,0,1.00002
