Width,Precaution,TLHarm,TNLHarm,File,Answer,Bargain,Trial,Total
0.000009999,3E-05,0,0,0.05,0.025,0.05,0,0.12503
0.000055150,3E-05,0,1,0.05,0.025,0.05,0,1.12503
0.000017258,3E-05,1,0,0.05,0.025,0.05,0,1.12503
0.999917593,3E-05,0,0,0,0,0,0,3E-05
