Width,Precaution,TLHarm,TNLHarm,File,Answer,Bargain,Trial,Total
0.543812311,0,0,0,0,0,0,0,0
0.000049141,0,0,1,0,0,0,0,1
0.000005216,0,1,0,0,0,0,0,1
0.000000008,0,0,1,0.2,0.1,0.2,0.3,1.8
0.000000022,0,1,0,0.2,0.1,0.2,0.3,1.8
0.456093211,1E-05,0,0,0,0,0,0,1E-05
0.000019060,1E-05,0,1,0,0,0,0,1.00001
0.000021031,1E-05,1,0,0,0,0,0,1.00001
