Width,Precaution,TLHarm,TNLHarm,File,Answer,Bargain,Trial,Total
0.365085366,0,0,0,0,0,0,0,0
0.000016919,0,0,1,0,0,0,0,1
0.000001816,0,0,0,0.05,0.025,0.05,0,0.125
0.000017450,0,0,1,0.05,0.025,0.05,0,1.125
0.000000710,0,1,0,0.05,0.025,0.05,0,1.125
0.000000143,0,0,0,0.05,0.025,0.05,0.075,0.2
0.000001145,0,0,1,0.05,0.025,0.05,0.075,1.2
0.000000281,0,1,0,0.05,0.025,0.05,0.075,1.2
0.634826641,2E-05,0,0,0,0,0,0,2E-05
0.000039262,2E-05,0,1,0,0,0,0,1.00002
0.000010267,2E-05,1,0,0,0,0,0,1.00002
