Width,Precaution,TLHarm,TNLHarm,File,Answer,Bargain,Trial,Total
0.102820960,0,0,0,0,0,0,0,0
0.000009616,0,0,1,0,0,0,0,1
0.000000667,0,1,0,0,0,0,0,1
0.262268700,1E-05,0,0,0,0,0,0,1E-05
0.000021457,1E-05,0,1,0,0,0,0,1.00001
0.000002614,1E-05,1,0,0,0,0,0,1.00001
0.634826455,2E-05,0,0,0,0,0,0,2E-05
0.000021249,2E-05,0,1,0,0,0,0,1.00002
0.000028281,2E-05,1,0,0,0,0,0,1.00002
