Width,Precaution,TLHarm,TNLHarm,File,Answer,Bargain,Trial,Total
0.000000118,0,0,0,0.2,0.1,0.2,0.3,0.8
0.000000757,0,0,1,0.2,0.1,0.2,0.3,1.8
0.000000427,0,1,0,0.2,0.1,0.2,0.3,1.8
0.365087257,0,0,0,0,0,0,0,0
0.000034756,0,0,1,0,0,0,0,1
0.000000571,0,1,0,0,0,0,0,1
0.634819936,1E-05,0,0,0,0,0,0,1E-05
0.000033497,1E-05,0,1,0,0,0,0,1.00001
0.000022679,1E-05,1,0,0,0,0,0,1.00001
