Width,Precaution,TLHarm,TNLHarm,File,Answer,Bargain,Trial,Total
0.365087206,0,0,0,0,0,0,0,0
0.000034756,0,0,1,0,0,0,0,1
0.000000571,0,1,0,0,0,0,0,1
0.000000116,0,0,0,0.2,0.1,0.2,0,0.5
0.000000739,0,0,1,0.2,0.1,0.2,0,1.5
0.000000423,0,1,0,0.2,0.1,0.2,0,1.5
0.000000018,0,0,1,0.2,0.1,0.2,0.3,1.8
0.634819995,1.2E-05,0,0,0,0,0,0,1.2E-05
0.000033497,1.2E-05,0,1,0,0,0,0,1.000012
0.000022679,1.2E-05,1,0,0,0,0,0,1.000012
