Width,Precaution,TLHarm,TNLHarm,File,Answer,Bargain,Trial,Total
0.000003264,3E-05,0,0,0.025,0.025,0.05,0,0.10003
0.000012175,3E-05,0,1,0.025,0.025,0.05,0,1.10003
0.000007560,3E-05,1,0,0.025,0.025,0.05,0,1.10003
0.000006735,3E-05,0,0,0.025,0.025,0.05,0.05,0.15003
0.000025133,3E-05,0,1,0.025,0.025,0.05,0.05,1.15003
0.000015559,3E-05,1,0,0.025,0.025,0.05,0.05,1.15003
0.999929574,3E-05,0,0,0,0,0,0,3E-05
