Width,Precaution,TLHarm,TNLHarm,File,Answer,Bargain,Trial,Total
0.999939574,3E-05,0,0,0,0,0,0,3E-05
0.000048951,3E-05,0,1,0,0,0,0,1.00003
0.000011475,3E-05,1,0,0,0,0,0,1.00003
