Width,Precaution,TLHarm,TNLHarm,File,Answer,Bargain,Trial,Total
0.000006139,3E-05,0,0,0.025,0.025,0.05,0,0.10003
0.000028493,3E-05,0,1,0.025,0.025,0.05,0,1.10003
0.000010333,3E-05,1,0,0.025,0.025,0.05,0,1.10003
0.000003861,3E-05,0,0,0.025,0.025,0.05,0.05,0.15003
0.000008815,3E-05,0,1,0.025,0.025,0.05,0.05,1.15003
0.000012785,3E-05,1,0,0.025,0.025,0.05,0.05,1.15003
0.999929574,3E-05,0,0,0,0,0,0,3E-05
