Width,Precaution,TLHarm,TNLHarm,File,Answer,Bargain,Trial,Total
0.000009999,3E-05,0,0,0.025,0.025,0.05,0,0.10003
0.000048951,3E-05,0,1,0.025,0.025,0.05,0,1.10003
0.000011475,3E-05,1,0,0.025,0.025,0.05,0,1.10003
0.999929574,3E-05,0,0,0,0,0,0,3E-05
