Width,Precaution,TLHarm,TNLHarm,File,Answer,Bargain,Trial,Total
0.000007762,2E-05,0,0,0.025,0.025,0.05,0,0.10002
0.000044110,2E-05,0,1,0.025,0.025,0.05,0,1.10002
0.000019054,2E-05,1,0,0.025,0.025,0.05,0,1.10002
0.000002237,2E-05,0,0,0.025,0.025,0.05,0.05,0.15002
0.000006386,2E-05,0,1,0.025,0.025,0.05,0.05,1.15002
0.000011030,2E-05,1,0,0.025,0.025,0.05,0.05,1.15002
0.999909420,2E-05,0,0,0,0,0,0,2E-05
