Width,Precaution,TLHarm,TNLHarm,File,Answer,Bargain,Trial,Total
0.000003510,2E-05,0,0,0.025,0.025,0.05,0,0.10002
0.000009993,2E-05,0,1,0.025,0.025,0.05,0,1.10002
0.000017324,2E-05,1,0,0.025,0.025,0.05,0,1.10002
0.000002907,2E-05,0,0,0.025,0.025,0.05,0.05,0.15002
0.000016167,2E-05,0,1,0.025,0.025,0.05,0.05,1.15002
0.000007401,2E-05,1,0,0.025,0.025,0.05,0.05,1.15002
0.999913003,2E-05,0,0,0,0,0,0,2E-05
0.000024336,2E-05,0,1,0,0,0,0,1.00002
0.000005360,2E-05,1,0,0,0,0,0,1.00002
