Width,Precaution,TLHarm,TNLHarm,File,Answer,Bargain,Trial,Total
0.000008972,0,0,0,0.4,0,0,0,0.4
0.000036770,0,0,1,0.4,0,0,0,1.4
0.000052956,0,1,0,0.4,0,0,0,1.4
0.897166448,0,0,0,0,0,0,0,0
0.000001027,1E-05,0,0,0.4,0,0,0,0.40001
0.000001887,1E-05,0,1,0.4,0,0,0,1.40001
0.000007173,1E-05,1,0,0.4,0,0,0,1.40001
0.102724767,1E-05,0,0,0,0,0,0,1E-05
