Width,Precaution,TLHarm,TNLHarm,File,Answer,Bargain,Trial,Total
0.000009999,1.2E-05,0,0,0.025,0.025,0.05,0,0.100012
0.000067203,1.2E-05,0,1,0.025,0.025,0.05,0,1.100012
0.000022589,1.2E-05,1,0,0.025,0.025,0.05,0,1.100012
0.999900209,1.2E-05,0,0,0,0,0,0,1.2E-05
