Width,Precaution,TLHarm,TNLHarm,File,Answer,Bargain,Trial,Total
0.999927592,3E-05,0,0,0,0,0,0,3E-05
0.000037104,3E-05,0,1,0,0,0,0,1.00003
0.000035304,3E-05,1,0,0,0,0,0,1.00003
