Width,Precaution,TLHarm,TNLHarm,File,Answer,Bargain,Trial,Total
0.822552812,1E-05,0,0,0,0,0,0,1E-05
0.000063054,1E-05,0,1,0,0,0,0,1.00001
0.000011283,1E-05,1,0,0,0,0,0,1.00001
0.177359489,2E-05,0,0,0,0,0,0,2E-05
0.000007137,2E-05,0,1,0,0,0,0,1.00002
0.000006226,2E-05,1,0,0,0,0,0,1.00002
