Width,Precaution,TLHarm,TNLHarm,File,Answer,Bargain,Trial,Total
0.000000093,4E-05,0,0,0.4,0.4,0.8,0,1.60004
0.000000473,4E-05,0,1,0.4,0.4,0.8,0,2.60004
0.000000105,4E-05,1,0,0.4,0.4,0.8,0,2.60004
0.392161356,4E-05,0,0,0,0,0,0,4E-05
0.000028119,4E-05,0,1,0,0,0,0,1.00004
0.000000114,4E-05,1,0,0,0,0,0,1.00004
0.607777492,5E-05,0,0,0,0,0,0,5E-05
0.000025797,5E-05,0,1,0,0,0,0,1.00005
0.000006451,5E-05,1,0,0,0,0,0,1.00005
