Width,Precaution,TLHarm,TNLHarm,File,Answer,Bargain,Trial,Total
0.000009999,3E-05,0,0,0.025,0.025,0.05,0,0.10003
0.000055094,3E-05,0,1,0.025,0.025,0.05,0,1.10003
0.000017314,3E-05,1,0,0.025,0.025,0.05,0,1.10003
0.999917593,3E-05,0,0,0,0,0,0,3E-05
