Width,Precaution,TLHarm,TNLHarm,File,Answer,Bargain,Trial,Total
0.392151042,0,0,0,0,0,0,0,0
0.000037915,0,0,1,0,0,0,0,1
0.000001304,0,1,0,0,0,0,0,1
0.607762441,2.4E-05,0,0,0,0,0,0,2.4E-05
0.000037013,2.4E-05,0,1,0,0,0,0,1.000024
0.000010285,2.4E-05,1,0,0,0,0,0,1.000024
