Width,Precaution,TLHarm,TNLHarm,File,Answer,Bargain,Trial,Total
0.392156842,2E-05,0,0,0,0,0,0,2E-05
0.000031834,2E-05,0,1,0,0,0,0,1.00002
0.000000712,2E-05,1,0,0,0,0,0,1.00002
0.000000093,2E-05,0,0,0.4,0.4,0.8,0,1.60002
0.000000402,2E-05,0,1,0.4,0.4,0.8,0,2.60002
0.000000333,2E-05,1,0,0.4,0.4,0.8,0,2.60002
0.607768233,3E-05,0,0,0,0,0,0,3E-05
0.000024480,3E-05,0,1,0,0,0,0,1.00003
0.000017069,3E-05,1,0,0,0,0,0,1.00003
