Width,Precaution,TLHarm,TNLHarm,File,Answer,Bargain,Trial,Total
0.000000093,2E-05,0,0,0.4,0.4,0.8,0.8,2.40002
0.000000402,2E-05,0,1,0.4,0.4,0.8,0.8,3.40002
0.000000333,2E-05,1,0,0.4,0.4,0.8,0.8,3.40002
0.000001680,2E-05,0,0,0.4,0,0,0,0.40002
0.000000839,2E-05,0,1,0.4,0,0,0,1.40002
0.000011788,2E-05,1,0,0.4,0,0,0,1.40002
0.999917646,2E-05,0,0,0,0,0,0,2E-05
0.000050222,2E-05,0,1,0,0,0,0,1.00002
0.000016995,2E-05,1,0,0,0,0,0,1.00002
