Width,Precaution,TLHarm,TNLHarm,File,Answer,Bargain,Trial,Total
0.607759161,2E-05,0,0,0,0,0,0,2E-05
0.000044694,2E-05,0,1,0,0,0,0,1.00002
0.000005928,2E-05,1,0,0,0,0,0,1.00002
0.392164237,3E-05,0,0,0,0,0,0,3E-05
0.000010879,3E-05,0,1,0,0,0,0,1.00003
0.000015101,3E-05,1,0,0,0,0,0,1.00003
