Width,Precaution,TLHarm,TNLHarm,File,Answer,Bargain,Trial,Total
0.392153219,1E-05,0,0,0,0,0,0,1E-05
0.000026854,1E-05,0,1,0,0,0,0,1.00001
0.000000832,1E-05,1,0,0,0,0,0,1.00001
0.000000927,1E-05,0,0,0.1,0.1,0.2,0,0.40001
0.000005815,1E-05,0,1,0.1,0.1,0.2,0,1.40001
0.000002571,1E-05,1,0,0.1,0.1,0.2,0,1.40001
0.607768233,3E-05,0,0,0,0,0,0,3E-05
0.000024480,3E-05,0,1,0,0,0,0,1.00003
0.000017069,3E-05,1,0,0,0,0,0,1.00003
