Width,Precaution,TLHarm,TNLHarm,File,Answer,Bargain,Trial,Total
0.000000410,0,0,0,0.1,0.1,0.2,0.2,0.6
0.000000939,0,0,1,0.1,0.1,0.2,0.2,1.6
0.000003165,0,1,0,0.1,0.1,0.2,0.2,1.6
0.392150631,0,0,0,0,0,0,0,0
0.000029485,0,0,1,0,0,0,0,1
0.000005630,0,1,0,0,0,0,0,1
0.607768190,3E-05,0,0,0,0,0,0,3E-05
0.000024480,3E-05,0,1,0,0,0,0,1.00003
0.000017069,3E-05,1,0,0,0,0,0,1.00003
