Width,Precaution,TLHarm,TNLHarm,File,Answer,Bargain,Trial,Total
0.607766570,3.2E-05,0,0,0,0,0,0,3.2E-05
0.000039673,3.2E-05,0,1,0,0,0,0,1.000032
0.000000980,3.2E-05,1,0,0,0,0,0,1.000032
0.000000092,3.2E-05,0,1,0.1,0.1,0.2,0.2,1.600032
0.000000359,3.2E-05,0,0,0.1,0.1,0.2,0,0.400032
0.000001212,3.2E-05,0,1,0.1,0.1,0.2,0,1.400032
0.000000889,3.2E-05,1,0,0.1,0.1,0.2,0,1.400032
0.392170745,4E-05,0,0,0,0,0,0,4E-05
0.000013483,4E-05,0,1,0,0,0,0,1.00004
0.000005997,4E-05,1,0,0,0,0,0,1.00004
