Width,Precaution,TLHarm,TNLHarm,File,Answer,Bargain,Trial,Total
0.392150024,0,0,0,0,0,0,0,0
0.000026128,0,0,1,0,0,0,0,1
0.000003348,0,1,0,0,0,0,0,1
0.000000564,0,0,0,0.1,0.1,0.2,0,0.4
0.000003357,0,0,1,0.1,0.1,0.2,0,1.4
0.000002282,0,1,0,0.1,0.1,0.2,0,1.4
0.000000410,0,0,0,0.1,0.1,0.2,0.2,0.6
0.000000939,0,0,1,0.1,0.1,0.2,0.2,1.6
0.000003165,0,1,0,0.1,0.1,0.2,0.2,1.6
0.607768233,3E-05,0,0,0,0,0,0,3E-05
0.000024480,3E-05,0,1,0,0,0,0,1.00003
0.000017069,3E-05,1,0,0,0,0,0,1.00003
