Width,Precaution,TLHarm,TNLHarm,File,Answer,Bargain,Trial,Total
0.607766564,4E-05,0,0,0,0,0,0,4E-05
0.000039673,4E-05,0,1,0,0,0,0,1.00004
0.000000980,4E-05,1,0,0,0,0,0,1.00004
0.000000366,4E-05,0,0,0.1,0.1,0.2,0,0.40004
0.000001255,4E-05,0,1,0.1,0.1,0.2,0,1.40004
0.000000891,4E-05,1,0,0.1,0.1,0.2,0,1.40004
0.000000049,4E-05,0,1,0.1,0.1,0.2,0.2,1.60004
0.392170741,5E-05,0,0,0,0,0,0,5E-05
0.000013483,5E-05,0,1,0,0,0,0,1.00005
0.000005997,5E-05,1,0,0,0,0,0,1.00005
