Width,Precaution,TLHarm,TNLHarm,File,Answer,Bargain,Trial,Total
0.000009999,2E-05,0,0,0.4,0,0,0,0.40002
0.000028423,2E-05,0,1,0.4,0,0,0,1.40002
0.000042414,2E-05,1,0,0.4,0,0,0,1.40002
0.999919163,2E-05,0,0,0,0,0,0,2E-05
