Width,Precaution,TLHarm,TNLHarm,File,Answer,Bargain,Trial,Total
0.000009999,3E-05,0,0,0.1,0.1,0.2,0,0.40003
0.000036381,3E-05,0,1,0.1,0.1,0.2,0,1.40003
0.000024045,3E-05,1,0,0.1,0.1,0.2,0,1.40003
0.999929574,3E-05,0,0,0,0,0,0,3E-05
