Width,Precaution,TLHarm,TNLHarm,File,Answer,Bargain,Trial,Total
0.999946793,4E-05,0,0,0,0,0,0,4E-05
0.000042669,4E-05,0,1,0,0,0,0,1.00004
0.000010538,4E-05,1,0,0,0,0,0,1.00004
