Width,Precaution,TLHarm,TNLHarm,File,Answer,Bargain,Trial,Total
0.000007699,2E-05,0,0,0.025,0.025,0.05,0,0.10002
0.000049434,2E-05,0,1,0.025,0.025,0.05,0,1.10002
0.000013766,2E-05,1,0,0.025,0.025,0.05,0,1.10002
0.000002300,2E-05,0,0,0.025,0.025,0.05,0.05,0.15002
0.000002167,2E-05,0,1,0.025,0.025,0.05,0.05,1.15002
0.000015213,2E-05,1,0,0.025,0.025,0.05,0.05,1.15002
0.999909420,2E-05,0,0,0,0,0,0,2E-05
