Width,Precaution,TLHarm,TNLHarm,File,Answer,Bargain,Trial,Total
0.999927592,3E-05,0,0,0,0,0,0,3E-05
0.000038703,3E-05,0,1,0,0,0,0,1.00003
0.000033705,3E-05,1,0,0,0,0,0,1.00003
