Width,Precaution,TLHarm,TNLHarm,File,Answer,Bargain,Trial,Total
0.000000445,1E-05,0,0,0.1,0.1,0.2,0,0.40001
0.000003949,1E-05,0,1,0.1,0.1,0.2,0,1.40001
0.000000156,1E-05,1,0,0.1,0.1,0.2,0,1.40001
0.102821276,1E-05,0,0,0,0,0,0,1E-05
0.000005433,1E-05,0,1,0,0,0,0,1.00001
0.897097056,2E-05,0,0,0,0,0,0,2E-05
0.000042733,2E-05,0,1,0,0,0,0,1.00002
0.000028953,2E-05,1,0,0,0,0,0,1.00002
