Width,Precaution,TLHarm,TNLHarm,File,Answer,Bargain,Trial,Total
0.769912204,1E-05,0,0,0,0,0,0,1E-05
0.000044908,1E-05,0,1,0,0,0,0,1.00001
0.000024816,1E-05,1,0,0,0,0,0,1.00001
0.230000692,2E-05,0,0,0,0,0,0,2E-05
0.000002167,2E-05,0,1,0,0,0,0,1.00002
0.000015213,2E-05,1,0,0,0,0,0,1.00002
