Width,Precaution,TLHarm,TNLHarm,File,Answer,Bargain,Trial,Total
0.000000118,1E-05,0,0,0.1,0.1,0.2,0.2,0.60001
0.000000364,1E-05,0,1,0.1,0.1,0.2,0.2,1.60001
0.000000692,1E-05,1,0,0.1,0.1,0.2,0.2,1.60001
0.365090153,1E-05,0,0,0,0,0,0,1E-05
0.000030361,1E-05,0,1,0,0,0,0,1.00001
0.000002199,1E-05,1,0,0,0,0,0,1.00001
0.634826582,2E-05,0,0,0,0,0,0,2E-05
0.000021390,2E-05,0,1,0,0,0,0,1.00002
0.000028139,2E-05,1,0,0,0,0,0,1.00002
