Width,Precaution,TLHarm,TNLHarm,File,Answer,Bargain,Trial,Total
0.897087890,1E-05,0,0,0,0,0,0,1E-05
0.000045565,1E-05,0,1,0,0,0,0,1.00001
0.000035281,1E-05,1,0,0,0,0,0,1.00001
0.102823546,2E-05,0,0,0,0,0,0,2E-05
0.000000530,2E-05,0,1,0,0,0,0,1.00002
0.000007188,2E-05,1,0,0,0,0,0,1.00002
