Width,Precaution,TLHarm,TNLHarm,File,Answer,Bargain,Trial,Total
0.000049717,3E-05,0,1,0.025,0.025,0.05,0,1.10003
0.000010710,3E-05,1,0,0.025,0.025,0.05,0,1.10003
0.999939574,3E-05,0,0,0,0,0,0,3E-05
