Width,Precaution,TLHarm,TNLHarm,File,Answer,Bargain,Trial,Total
0.000017659,3E-05,0,1,0.1,0.1,0.2,0,1.40003
0.000000271,3E-05,1,0,0.1,0.1,0.2,0,1.40003
0.000000133,3E-05,0,1,0.1,0.1,0.2,0.2,1.60003
0.000000108,3E-05,1,0,0.1,0.1,0.2,0.2,1.60003
0.258827247,3E-05,0,0,0,0,0,0,3E-05
0.000036272,4E-05,0,1,0.1,0.1,0.2,0,1.40004
0.741118310,4E-05,0,0,0,0,0,0,4E-05
