Width,Precaution,TLHarm,TNLHarm,File,Answer,Bargain,Trial,Total
0.000013170,2.4E-05,0,1,0.025,0.025,0.05,0,1.100024
0.000000020,2.4E-05,1,0,0.025,0.025,0.05,0,1.100024
0.000000630,2.4E-05,0,1,0.025,0.025,0.05,0.05,1.150024
0.000000055,2.4E-05,1,0,0.025,0.025,0.05,0.05,1.150024
0.176184387,2.4E-05,0,0,0,0,0,0,2.4E-05
0.000037089,3.6E-05,0,1,0.025,0.025,0.05,0,1.100036
0.000010707,3.6E-05,1,0,0.025,0.025,0.05,0,1.100036
0.823753942,3.6E-05,0,0,0,0,0,0,3.6E-05
