Width,Precaution,TLHarm,TNLHarm,File,Answer,Bargain,Trial,Total
0.000002759,3E-05,0,1,0.1,0.1,0.2,0,1.40003
0.000003379,3E-05,1,0,0.1,0.1,0.2,0,1.40003
0.000000547,3E-05,0,1,0.1,0.1,0.2,0.2,1.60003
0.000000051,3E-05,1,0,0.1,0.1,0.2,0.2,1.60003
0.608081351,3E-05,0,0,0,0,0,0,3E-05
0.000032104,3E-05,0,1,0,0,0,0,1.00003
0.000001326,3E-05,1,0,0,0,0,0,1.00003
0.391861909,4E-05,0,0,0,0,0,0,4E-05
0.000016574,4E-05,0,1,0,0,0,0,1.00004
