Width,Precaution,TLHarm,TNLHarm,File,Answer,Bargain,Trial,Total
0.000019452,3E-05,0,1,0.025,0.025,0.05,0,1.10003
0.000000047,3E-05,1,0,0.025,0.025,0.05,0,1.10003
0.000006787,3E-05,0,1,0.025,0.025,0.05,0.05,1.15003
0.000000847,3E-05,1,0,0.025,0.025,0.05,0.05,1.15003
0.391851350,3E-05,0,0,0,0,0,0,3E-05
0.000028059,4E-05,0,1,0.025,0.025,0.05,0,1.10004
0.608093457,4E-05,0,0,0,0,0,0,4E-05
