Width,Precaution,TLHarm,TNLHarm,File,Answer,Bargain,Trial,Total
0.000000068,3E-05,0,1,0.1,0.1,0.2,0.2,1.60003
0.000000021,3E-05,1,0,0.1,0.1,0.2,0.2,1.60003
0.178907140,3E-05,0,0,0,0,0,0,3E-05
0.000012662,3E-05,0,1,0,0,0,0,1.00003
0.000000057,3E-05,1,0,0,0,0,0,1.00003
0.821038845,4E-05,0,0,0,0,0,0,4E-05
0.000041207,4E-05,0,1,0,0,0,0,1.00004
