Width,Precaution,TLHarm,TNLHarm,File,Answer,Bargain,Trial,Total
0.000017251,1E-05,0,1,0.4,0,0,0,1.40001
0.000016959,1E-05,1,0,0.4,0,0,0,1.40001
0.391844195,1E-05,0,0,0,0,0,0,1E-05
0.000005303,2E-05,0,1,0.4,0,0,0,1.40002
0.000009979,2E-05,1,0,0.4,0,0,0,1.40002
0.216227908,2E-05,0,0,0,0,0,0,2E-05
0.000004169,3E-05,0,1,0.4,0,0,0,1.40003
0.000016091,3E-05,1,0,0.4,0,0,0,1.40003
0.391858145,3E-05,0,0,0,0,0,0,3E-05
