Width,Precaution,TLHarm,TNLHarm,File,Answer,Bargain,Trial,Total
0.000044573,4E-05,0,1,0.025,0.025,0.05,0,1.10004
0.000008634,4E-05,1,0,0.025,0.025,0.05,0,1.10004
0.999946793,4E-05,0,0,0,0,0,0,4E-05
