Width,Precaution,TLHarm,TNLHarm,File,Answer,Bargain,Trial,Total
0.000002470,3E-05,0,1,0.4,0.4,0.8,0,2.60003
0.000000067,3E-05,1,0,0.4,0.4,0.8,0,2.60003
0.000004317,3E-05,0,1,0.4,0,0,0,1.40003
0.000000780,3E-05,1,0,0.4,0,0,0,1.40003
0.391851350,3E-05,0,0,0,0,0,0,3E-05
0.000019452,3E-05,0,1,0,0,0,0,1.00003
0.000000047,3E-05,1,0,0,0,0,0,1.00003
0.608093457,4E-05,0,0,0,0,0,0,4E-05
0.000028059,4E-05,0,1,0,0,0,0,1.00004
