Width,Precaution,TLHarm,TNLHarm,File,Answer,Bargain,Trial,Total
0.000006567,2.4E-05,0,1,0.025,0.025,0.05,0,1.100024
0.000008820,2.4E-05,0,1,0.025,0.025,0.05,0.05,1.150024
0.000000170,2.4E-05,1,0,0.025,0.025,0.05,0.05,1.150024
0.198442359,2.4E-05,0,0,0,0,0,0,2.4E-05
0.000025734,3.6E-05,0,1,0.025,0.025,0.05,0,1.100036
0.000001096,3.6E-05,1,0,0.025,0.025,0.05,0,1.100036
0.000009868,3.6E-05,0,1,0.025,0.025,0.05,0.05,1.150036
0.000009601,3.6E-05,1,0,0.025,0.025,0.05,0.05,1.150036
0.801495784,3.6E-05,0,0,0,0,0,0,3.6E-05
