Width,Precaution,TLHarm,TNLHarm,File,Answer,Bargain,Trial,Total
0.000024405,3E-05,0,1,0.025,0.025,0.05,0,1.10003
0.000000254,3E-05,1,0,0.025,0.025,0.05,0,1.10003
0.000001834,3E-05,0,1,0.025,0.025,0.05,0.05,1.15003
0.000000640,3E-05,1,0,0.025,0.025,0.05,0.05,1.15003
0.391851350,3E-05,0,0,0,0,0,0,3E-05
0.000028059,4E-05,0,1,0.025,0.025,0.05,0,1.10004
0.608093457,4E-05,0,0,0,0,0,0,4E-05
