Width,Precaution,TLHarm,TNLHarm,File,Answer,Bargain,Trial,Total
0.666631195,3.2E-05,0,0,0,0,0,0,3.2E-05
0.000029710,3.2E-05,0,1,0,0,0,0,1.000032
0.000005762,3.2E-05,1,0,0,0,0,0,1.000032
0.000003333,0,0,0,0.1,0,0,0,0.1
0.000033333,0,1,0,0.1,0,0,0,1.1
0.333296667,0,0,0,0,0,0,0,0
