Width,Precaution,TLHarm,TNLHarm,File,Answer,Bargain,Trial,Total
0.666631195,4E-05,0,0,0,0,0,0,4E-05
0.000029710,4E-05,0,1,0,0,0,0,1.00004
0.000005762,4E-05,1,0,0,0,0,0,1.00004
0.000003333,0,0,0,0.1,0,0,0,0.1
0.000033333,0,1,0,0.1,0,0,0,1.1
0.333296667,0,0,0,0,0,0,0,0
