Width,Precaution,TLHarm,TNLHarm,File,Answer,Bargain,Trial,Total
0.463936220,4E-05,0,0,0,0,0,0,4E-05
0.000023260,4E-05,0,1,0,0,0,0,1.00004
0.202693673,3E-05,0,0,0,0,0,0,3E-05
0.000011632,3E-05,0,1,0,0,0,0,1.00003
0.000001089,3E-05,1,0,0,0,0,0,1.00003
0.000000125,3E-05,0,0,0.1,0.1,0.2,0.2,0.60003
0.000000166,3E-05,0,1,0.1,0.1,0.2,0.2,1.60003
0.000000501,3E-05,1,0,0.1,0.1,0.2,0.2,1.60003
0.000003333,0,0,0,0.1,0,0,0,0.1
0.000033333,0,1,0,0.1,0,0,0,1.1
0.333296667,0,0,0,0,0,0,0,0
