Width,Precaution,TLHarm,TNLHarm,File,Answer,Bargain,Trial,Total
0.000006666,4E-05,0,0,0.1,0.1,0.2,0,0.40004
0.000035471,4E-05,0,1,0.1,0.1,0.2,0,1.40004
0.666624529,4E-05,0,0,0,0,0,0,4E-05
0.000003302,3E-05,0,0,0.1,0.1,0.2,0,0.40003
0.000013002,3E-05,0,1,0.1,0.1,0.2,0,1.40003
0.000006941,3E-05,1,0,0.1,0.1,0.2,0,1.40003
0.000000031,3E-05,0,0,0.1,0.1,0.2,0.2,0.60003
0.000000182,3E-05,0,1,0.1,0.1,0.2,0.2,1.60003
0.000000017,3E-05,1,0,0.1,0.1,0.2,0.2,1.60003
0.333309858,3E-05,0,0,0,0,0,0,3E-05
