Width,Precaution,TLHarm,TNLHarm,File,Answer,Bargain,Trial,Total
0.000006032,3E-05,0,0,0.025,0.025,0.05,0,0.10003
0.000035259,3E-05,0,1,0.025,0.025,0.05,0,1.10003
0.000004630,3E-05,1,0,0.025,0.025,0.05,0,1.10003
0.000000137,3E-05,0,1,0.025,0.025,0.05,0.05,1.15003
0.000000140,3E-05,1,0,0.025,0.025,0.05,0.05,1.15003
0.608075299,3E-05,0,0,0,0,0,0,3E-05
0.000003919,4E-05,0,0,0.025,0.025,0.05,0,0.10004
0.000016574,4E-05,0,1,0.025,0.025,0.05,0,1.10004
0.391858010,4E-05,0,0,0,0,0,0,4E-05
