Width,Precaution,TLHarm,TNLHarm,File,Answer,Bargain,Trial,Total
0.000001761,3E-05,0,0,0.025,0.025,0.05,0,0.10003
0.000012555,3E-05,0,1,0.025,0.025,0.05,0,1.10003
0.000000070,3E-05,1,0,0.025,0.025,0.05,0,1.10003
0.176183871,3E-05,0,0,0,0,0,0,3E-05
0.000008238,4E-05,0,0,0.025,0.025,0.05,0,0.10004
0.000041375,4E-05,0,1,0.025,0.025,0.05,0,1.10004
0.823752131,4E-05,0,0,0,0,0,0,4E-05
