Width,Precaution,TLHarm,TNLHarm,File,Answer,Bargain,Trial,Total
0.000003919,3E-05,0,0,0.4,0,0,0,0.40003
0.000026236,3E-05,0,1,0.4,0,0,0,1.40003
0.000000898,3E-05,1,0,0.4,0,0,0,1.40003
0.391847431,3E-05,0,0,0,0,0,0,3E-05
0.000006081,4E-05,0,0,0.4,0,0,0,0.40004
0.000028059,4E-05,0,1,0.4,0,0,0,1.40004
0.608087376,4E-05,0,0,0,0,0,0,4E-05
