Width,Precaution,TLHarm,TNLHarm,File,Answer,Bargain,Trial,Total
0.000000406,3E-05,0,0,0.1,0.1,0.2,0,0.40003
0.000001810,3E-05,0,1,0.1,0.1,0.2,0,1.40003
0.000000635,3E-05,1,0,0.1,0.1,0.2,0,1.40003
0.000000022,3E-05,0,1,0.1,0.1,0.2,0.2,1.60003
0.000000007,3E-05,1,0,0.1,0.1,0.2,0.2,1.60003
0.391850941,3E-05,0,0,0,0,0,0,3E-05
0.000024404,3E-05,0,1,0,0,0,0,1.00003
0.000000256,3E-05,1,0,0,0,0,0,1.00003
0.608093460,4E-05,0,0,0,0,0,0,4E-05
0.000028059,4E-05,0,1,0,0,0,0,1.00004
