Width,Precaution,TLHarm,TNLHarm,File,Answer,Bargain,Trial,Total
0.782354475,3E-05,0,0,0,0,0,0,3E-05
0.000037157,3E-05,0,1,0,0,0,0,1.00003
0.000012058,3E-05,1,0,0,0,0,0,1.00003
0.217587162,4E-05,0,0,0,0,0,0,4E-05
0.000009148,4E-05,0,1,0,0,0,0,1.00004
