Width,Precaution,TLHarm,TNLHarm,File,Answer,Bargain,Trial,Total
0.000002804,3E-05,0,0,0.025,0.025,0.05,0,0.10003
0.000019352,3E-05,0,1,0.025,0.025,0.05,0,1.10003
0.000000345,3E-05,1,0,0.025,0.025,0.05,0,1.10003
0.000000167,3E-05,0,1,0.025,0.025,0.05,0.05,1.15003
0.000000147,3E-05,1,0,0.025,0.025,0.05,0.05,1.15003
0.285926989,3E-05,0,0,0,0,0,0,3E-05
0.000007140,4E-05,0,0,0.025,0.025,0.05,0,0.10004
0.000034599,4E-05,0,1,0.025,0.025,0.05,0,1.10004
0.714008456,4E-05,0,0,0,0,0,0,4E-05
