Width,Precaution,TLHarm,TNLHarm,File,Answer,Bargain,Trial,Total
0.521426660,3E-05,0,0,0,0,0,0,3E-05
0.000031725,3E-05,0,1,0,0,0,0,1.00003
0.000003218,3E-05,1,0,0,0,0,0,1.00003
0.478517220,4E-05,0,0,0,0,0,0,4E-05
0.000021177,4E-05,0,1,0,0,0,0,1.00004
