Width,Precaution,TLHarm,TNLHarm,File,Answer,Bargain,Trial,Total
0.000000361,3E-05,0,0,0.1,0.1,0.2,0,0.40003
0.000000431,3E-05,0,1,0.1,0.1,0.2,0,1.40003
0.000001481,3E-05,1,0,0.1,0.1,0.2,0,1.40003
0.000000068,3E-05,0,1,0.1,0.1,0.2,0.2,1.60003
0.000000021,3E-05,1,0,0.1,0.1,0.2,0.2,1.60003
0.608080984,3E-05,0,0,0,0,0,0,3E-05
0.000034897,3E-05,0,1,0,0,0,0,1.00003
0.000003268,3E-05,1,0,0,0,0,0,1.00003
0.391861915,4E-05,0,0,0,0,0,0,4E-05
0.000016574,4E-05,0,1,0,0,0,0,1.00004
