Width,Precaution,TLHarm,TNLHarm,File,Answer,Bargain,Trial,Total
0.000003918,0,0,0,0.4,0,0,0,0.4
0.000039188,0,1,0,0.4,0,0,0,1.4
0.391835299,0,0,0,0,0,0,0,0
0.000002162,1E-05,0,0,0.4,0,0,0,0.40001
0.000001558,1E-05,0,1,0.4,0,0,0,1.40001
0.000016603,1E-05,1,0,0.4,0,0,0,1.40001
0.216222866,1E-05,0,0,0,0,0,0,1E-05
0.000003919,2E-05,0,0,0.4,0,0,0,0.40002
0.000001110,2E-05,0,1,0.4,0,0,0,1.40002
0.000024268,2E-05,1,0,0.4,0,0,0,1.40002
0.391849108,2E-05,0,0,0,0,0,0,2E-05
