Width,Precaution,TLHarm,TNLHarm,File,Answer,Bargain,Trial,Total
0.000009999,7E-06,0,0,0.025,0,0,0,0.025007
0.000009209,7E-06,0,1,0.025,0,0,0,1.025007
0.000042260,7E-06,1,0,0.025,0,0,0,1.025007
0.999938532,7E-06,0,0,0,0,0,0,7E-06
