Width,Precaution,TLHarm,TNLHarm,File,Answer,Bargain,Trial,Total
0.000007699,7E-06,0,0,0.025,0.025,0.05,0,0.100007
0.000002470,7E-06,0,1,0.025,0.025,0.05,0,1.100007
0.000033663,7E-06,1,0,0.025,0.025,0.05,0,1.100007
0.000002300,7E-06,0,0,0.025,0.025,0.05,0.05,0.150007
0.000006755,7E-06,0,1,0.025,0.025,0.05,0.05,1.150007
0.000008581,7E-06,1,0,0.025,0.025,0.05,0.05,1.150007
0.999938532,7E-06,0,0,0,0,0,0,7E-06
