Width,Precaution,TLHarm,TNLHarm,File,Answer,Bargain,Trial,Total
0.000009999,7E-06,0,0,0.025,0.025,0.05,0,0.100007
0.000051469,7E-06,1,0,0.025,0.025,0.05,0,1.100007
0.999938532,7E-06,0,0,0,0,0,0,7E-06
