Width,Precaution,TLHarm,TNLHarm,File,Answer,Bargain,Trial,Total
0.000002300,6E-06,0,0,0.025,0,0,0,0.025006
0.000015764,6E-06,1,0,0.025,0,0,0,1.025006
0.230000009,6E-06,0,0,0,0,0,0,6E-06
0.000007699,7E-06,0,0,0.025,0,0,0,0.025007
0.000002430,7E-06,0,1,0.025,0,0,0,1.025007
0.000033703,7E-06,1,0,0.025,0,0,0,1.025007
0.769938095,7E-06,0,0,0,0,0,0,7E-06
