Width,Precaution,TLHarm,TNLHarm,File,Answer,Bargain,Trial,Total
0.000009392,7E-06,0,0,0.025,0.025,0.05,0,0.100007
0.000008620,7E-06,0,1,0.025,0.025,0.05,0,1.100007
0.000039149,7E-06,1,0,0.025,0.025,0.05,0,1.100007
0.000000608,7E-06,0,0,0.025,0.025,0.05,0.05,0.150007
0.000000604,7E-06,0,1,0.025,0.025,0.05,0.05,1.150007
0.000003095,7E-06,1,0,0.025,0.025,0.05,0.05,1.150007
0.999938532,7E-06,0,0,0,0,0,0,7E-06
