Width,Precaution,TLHarm,TNLHarm,File,Answer,Bargain,Trial,Total
0.000000127,0,0,0,0.1,0.1,0.2,0,0.4
0.000001093,0,0,1,0.1,0.1,0.2,0,1.4
0.000000176,0,1,0,0.1,0.1,0.2,0,1.4
0.000000020,0,0,0,0.1,0.1,0.2,0.2,0.6
0.000000098,0,0,1,0.1,0.1,0.2,0.2,1.6
0.000000097,0,1,0,0.1,0.1,0.2,0.2,1.6
0.499949854,0,0,0,0,0,0,0,0
0.000048458,0,0,1,0,0,0,0,1
0.000000077,0,1,0,0,0,0,0,1
0.499961762,2.4E-05,0,0,0,0,0,0,2.4E-05
0.000028310,2.4E-05,0,1,0,0,0,0,1.000024
0.000009928,2.4E-05,1,0,0,0,0,0,1.000024
