Width,Precaution,TLHarm,TNLHarm,File,Answer,Bargain,Trial,Total
0.752314299,0,0,0,0,0,0,0,0
0.000037323,0,0,1,0,0,0,0,1
0.000037916,0,1,0,0,0,0,0,1
0.247588967,1E-05,0,0,0,0,0,0,1E-05
0.000021495,1E-05,1,0,0,0,0,0,1.00001
