Width,Precaution,TLHarm,TNLHarm,File,Answer,Bargain,Trial,Total
0.113867002,0,0,0,0,0,0,0,0
0.000011376,0,0,1,0,0,0,0,1
0.133719748,1E-05,0,0,0,0,0,0,1E-05
0.000012379,1E-05,0,1,0,0,0,0,1.00001
0.252368750,2E-05,0,0,0,0,0,0,2E-05
0.000020552,2E-05,0,1,0,0,0,0,1.00002
0.000000284,2E-05,1,0,0,0,0,0,1.00002
0.125179880,3E-05,0,0,0,0,0,0,3E-05
0.000008567,3E-05,0,1,0,0,0,0,1.00003
0.000000254,3E-05,1,0,0,0,0,0,1.00003
0.374790333,4E-05,0,0,0,0,0,0,4E-05
0.000020876,4E-05,0,1,0,0,0,0,1.00004
