Width,Precaution,TLHarm,TNLHarm,File,Answer,Bargain,Trial,Total
0.000000021,0,0,0,0.4,0.4,0.8,0,1.6
0.000000204,0,0,1,0.4,0.4,0.8,0,2.6
0.000000007,0,1,0,0.4,0.4,0.8,0,2.6
0.000000126,0,0,0,0.4,0,0,0,0.4
0.000000986,0,0,1,0.4,0,0,0,1.4
0.000000274,0,1,0,0.4,0,0,0,1.4
0.247585560,0,0,0,0,0,0,0,0
0.000023212,0,0,1,0,0,0,0,1
0.000000077,0,1,0,0,0,0,0,1
0.752337322,3E-05,0,0,0,0,0,0,3E-05
0.000035988,3E-05,0,1,0,0,0,0,1.00003
0.000016222,3E-05,1,0,0,0,0,0,1.00003
