Width,Precaution,TLHarm,TNLHarm,File,Answer,Bargain,Trial,Total
0.000000014,0,0,1,0.4,0.4,0.8,0,2.6
0.000000101,0,0,0,0.4,0,0,0,0.4
0.000000198,0,0,1,0.4,0,0,0,1.4
0.000000811,0,1,0,0.4,0,0,0,1.4
0.580708002,0,0,0,0,0,0,0,0
0.000055395,0,0,1,0,0,0,0,1
0.000001655,0,1,0,0,0,0,0,1
0.419201983,2.4E-05,0,0,0,0,0,0,2.4E-05
0.000021918,2.4E-05,0,1,0,0,0,0,1.000024
0.000009923,2.4E-05,1,0,0,0,0,0,1.000024
