Width,Precaution,TLHarm,TNLHarm,File,Answer,Bargain,Trial,Total
0.000000014,0,0,1,0.4,0.4,0.8,0,2.6
0.000000093,0,0,1,0.4,0,0,0,1.4
0.000000109,0,1,0,0.4,0,0,0,1.4
0.247585644,0,0,0,0,0,0,0,0
0.000024296,0,0,1,0,0,0,0,1
0.000000246,0,1,0,0,0,0,0,1
0.127190488,2E-05,0,0,0,0,0,0,2E-05
0.000010642,2E-05,0,1,0,0,0,0,1.00002
0.625146058,3E-05,0,0,0,0,0,0,3E-05
0.000026188,3E-05,0,1,0,0,0,0,1.00003
0.000016222,3E-05,1,0,0,0,0,0,1.00003
