Width,Precaution,TLHarm,TNLHarm,File,Answer,Bargain,Trial,Total
0.000000145,0,0,0,0.4,0,0,0,0.4
0.000000008,0,0,1,0.4,0,0,0,1.4
0.000001437,0,1,0,0.4,0,0,0,1.4
0.752314148,0,0,0,0,0,0,0,0
0.000062123,0,0,1,0,0,0,0,1
0.000011671,0,1,0,0,0,0,0,1
0.247591960,2E-05,0,0,0,0,0,0,2E-05
0.000008955,2E-05,0,1,0,0,0,0,1.00002
0.000009553,2E-05,1,0,0,0,0,0,1.00002
