Width,Precaution,TLHarm,TNLHarm,File,Answer,Bargain,Trial,Total
0.247587391,1E-05,0,0,0,0,0,0,1E-05
0.000023021,1E-05,0,1,0,0,0,0,1.00001
0.377550393,3E-05,0,0,0,0,0,0,3E-05
0.000027579,3E-05,0,1,0,0,0,0,1.00003
0.000000260,3E-05,1,0,0,0,0,0,1.00003
0.374790479,4E-05,0,0,0,0,0,0,4E-05
0.000020876,4E-05,0,1,0,0,0,0,1.00004
