Width,Precaution,TLHarm,TNLHarm,File,Answer,Bargain,Trial,Total
0.247588913,1.6E-05,0,0,0,0,0,0,1.6E-05
0.000021209,1.6E-05,0,1,0,0,0,0,1.000016
0.000000298,1.6E-05,1,0,0,0,0,0,1.000016
0.252372211,3.2E-05,0,0,0,0,0,0,3.2E-05
0.000017467,3.2E-05,0,1,0,0,0,0,1.000032
0.499974941,4E-05,0,0,0,0,0,0,4E-05
0.000019037,4E-05,0,1,0,0,0,0,1.00004
0.000005925,4E-05,1,0,0,0,0,0,1.00004
