Width,Precaution,TLHarm,TNLHarm,File,Answer,Bargain,Trial,Total
0.000000126,0,0,0,0.4,0.4,0.8,0,1.6
0.000001027,0,0,1,0.4,0.4,0.8,0,2.6
0.000000230,0,1,0,0.4,0.4,0.8,0,2.6
0.000000015,0,0,1,0.4,0.4,0.8,0.8,3.4
0.000000145,0,0,1,0.4,0,0,0,1.4
0.000000040,0,1,0,0.4,0,0,0,1.4
0.499949866,0,0,0,0,0,0,0,0
0.000048462,0,0,1,0,0,0,0,1
0.000000078,0,1,0,0,0,0,0,1
0.499961774,2E-05,0,0,0,0,0,0,2E-05
0.000028310,2E-05,0,1,0,0,0,0,1.00002
0.000009928,2E-05,1,0,0,0,0,0,1.00002
