Width,Precaution,TLHarm,TNLHarm,File,Answer,Bargain,Trial,Total
0.000006348,0,0,0,0.025,0,0,0,0.025
0.000063488,0,1,0,0.025,0,0,0,1.025
0.634806149,0,0,0,0,0,0,0,0
0.000002623,1E-05,0,0,0.025,0,0,0,0.02501
0.000023033,1E-05,1,0,0.025,0,0,0,1.02501
0.262267116,1E-05,0,0,0,0,0,0,1E-05
0.000001028,2E-05,0,0,0.025,0,0,0,0.02502
0.000007718,2E-05,1,0,0.025,0,0,0,1.02502
0.102822497,2E-05,0,0,0,0,0,0,2E-05
