Width,Precaution,TLHarm,TNLHarm,File,Answer,Bargain,Trial,Total
0.000002300,5E-05,0,0,0.025,0.025,0.05,0,0.10005
0.000016429,5E-05,1,0,0.025,0.025,0.05,0,1.10005
0.229999297,5E-05,0,0,0,0,0,0,5E-05
0.000002700,6E-05,0,0,0.025,0.025,0.05,0,0.10006
0.000016280,6E-05,1,0,0.025,0.025,0.05,0,1.10006
0.269963094,6E-05,0,0,0,0,0,0,6E-05
0.000005000,7E-05,0,0,0.025,0.025,0.05,0,0.10007
0.000020559,7E-05,1,0,0.025,0.025,0.05,0,1.10007
0.499974342,7E-05,0,0,0,0,0,0,7E-05
