Width,Precaution,TLHarm,TNLHarm,File,Answer,Bargain,Trial,Total
0.000003651,4.8E-05,0,0,0.4,0,0,0,0.400048
0.000024280,4.8E-05,1,0,0.4,0,0,0,1.400048
0.365095958,4.8E-05,0,0,0,0,0,0,4.8E-05
0.000006348,5.6E-05,0,0,0.4,0,0,0,0.400056
0.000027934,5.6E-05,1,0,0.4,0,0,0,1.400056
0.634841829,5.6E-05,0,0,0,0,0,0,5.6E-05
