Width,Precaution,TLHarm,TNLHarm,File,Answer,Bargain,Trial,Total
0.000007699,0,0,0,0.025,0.025,0.05,0,0.1
0.000076998,0,1,0,0.025,0.025,0.05,0,1.1
0.769897230,0,0,0,0,0,0,0,0
0.000002300,1.2E-05,0,0,0.025,0.025,0.05,0,0.100012
0.000020068,1.2E-05,1,0,0.025,0.025,0.05,0,1.100012
0.229995704,1.2E-05,0,0,0,0,0,0,1.2E-05
