Width,Precaution,TLHarm,TNLHarm,File,Answer,Bargain,Trial,Total
0.000003333,0,0,0,0.4,0,0,0,0.4
0.000008824,0,0,1,0.4,0,0,0,1.4
0.000024510,0,1,0,0.4,0,0,0,1.4
0.333296667,0,0,0,0,0,0,0,0
0.333309446,3.2E-05,0,0,0,0,0,0,3.2E-05
0.000023190,3.2E-05,0,1,0,0,0,0,1.000032
0.000000697,3.2E-05,1,0,0,0,0,0,1.000032
0.333316091,4E-05,0,0,0,0,0,0,4E-05
0.000013093,4E-05,0,1,0,0,0,0,1.00004
0.000004149,4E-05,1,0,0,0,0,0,1.00004
