Width,Precaution,TLHarm,TNLHarm,File,Answer,Bargain,Trial,Total
0.810081258,2E-05,0,0,0,0,0,0,2E-05
0.000035652,2E-05,0,1,0,0,0,0,1.00002
0.000028742,2E-05,1,0,0,0,0,0,1.00002
0.189835087,0,0,0,0,0,0,0,0
0.000014293,0,0,1,0,0,0,0,1
0.000001838,0,1,0,0,0,0,0,1
0.000000276,0,0,0,0.1,0.1,0.2,0,0.4
0.000001189,0,0,1,0.1,0.1,0.2,0,1.4
0.000001567,0,1,0,0.1,0.1,0.2,0,1.4
0.000000020,0,0,1,0.1,0.1,0.2,0.2,1.6
0.000000079,0,1,0,0.1,0.1,0.2,0.2,1.6
