Width,Precaution,TLHarm,TNLHarm,File,Answer,Bargain,Trial,Total
0.000003333,0,0,0,0.4,0,0,0,0.4
0.000008824,0,0,1,0.4,0,0,0,1.4
0.000024510,0,1,0,0.4,0,0,0,1.4
0.333296667,0,0,0,0,0,0,0,0
0.464031949,4E-05,0,0,0,0,0,0,4E-05
0.000026506,4E-05,0,1,0,0,0,0,1.00004
0.000004872,4E-05,1,0,0,0,0,0,1.00004
0.202592590,5E-05,0,0,0,0,0,0,5E-05
0.000008599,5E-05,0,1,0,0,0,0,1.00005
0.000002150,5E-05,1,0,0,0,0,0,1.00005
