Width,Precaution,TLHarm,TNLHarm,File,Answer,Bargain,Trial,Total
0.666606805,1E-05,0,0,0,0,0,0,1E-05
0.000044558,1E-05,0,1,0,0,0,0,1.00001
0.000015303,1E-05,1,0,0,0,0,0,1.00001
0.333300000,0,0,0,0,0,0,0,0
0.000020630,0,0,1,0,0,0,0,1
0.000012703,0,1,0,0,0,0,0,1
