Width,Precaution,TLHarm,TNLHarm,File,Answer,Bargain,Trial,Total
0.000000062,0,0,0,0.4,0.4,0.8,0,1.6
0.000000576,0,0,1,0.4,0.4,0.8,0,2.6
0.000000048,0,1,0,0.4,0.4,0.8,0,2.6
0.000000365,0,0,0,0.4,0,0,0,0.4
0.000001789,0,0,1,0.4,0,0,0,1.4
0.000001863,0,1,0,0.4,0,0,0,1.4
0.261701040,0,0,0,0,0,0,0,0
0.000021264,0,0,1,0,0,0,0,1
0.000000634,0,1,0,0,0,0,0,1
0.738206515,1.2E-05,0,0,0,0,0,0,1.2E-05
0.000043849,1.2E-05,0,1,0,0,0,0,1.000012
0.000021996,1.2E-05,1,0,0,0,0,0,1.000012
